Date,Close
1/2/2015 16:00,18.29
1/5/2015 16:00,18.11
1/6/2015 16:00,17.91
1/7/2015 16:00,17.96
1/8/2015 16:00,18.15
1/9/2015 16:00,18.06
1/12/2015 16:00,17.82
1/13/2015 16:00,17.76
1/14/2015 16:00,17.67
1/15/2015 16:00,17.51
1/16/2015 16:00,17.51
1/20/2015 16:00,17.5
1/21/2015 16:00,17.83
1/22/2015 16:00,18.27
1/23/2015 16:00,18.45
1/26/2015 16:00,18.61
1/27/2015 16:00,18.41
1/28/2015 16:00,18.34
1/29/2015 16:00,18.46
1/30/2015 16:00,18.3
2/2/2015 16:00,18.56
2/3/2015 16:00,18.9
2/4/2015 16:00,18.6
2/5/2015 16:00,18.75
2/6/2015 16:00,18.84
2/9/2015 16:00,18.84
2/10/2015 16:00,18.93
2/11/2015 16:00,18.92
2/12/2015 16:00,18.97
2/13/2015 16:00,19.09
2/17/2015 16:00,18.99
2/18/2015 16:00,19.02
2/19/2015 16:00,18.97
2/20/2015 16:00,19
2/23/2015 16:00,18.76
2/24/2015 16:00,18.8
2/25/2015 16:00,19.18
2/26/2015 16:00,18.96
2/27/2015 16:00,18.71
3/2/2015 16:00,19.05
3/3/2015 16:00,18.93
3/4/2015 16:00,18.64
3/5/2015 16:00,18.64
3/6/2015 16:00,18.61
3/9/2015 16:00,18.61
3/10/2015 16:00,18.34
3/11/2015 16:00,18.41
3/12/2015 16:00,18.66
3/13/2015 16:00,18.64
3/16/2015 16:00,18.86
3/17/2015 16:00,18.7
3/18/2015 16:00,18.68
3/19/2015 16:00,18.68
3/20/2015 16:00,18.9
3/23/2015 16:00,18.77
3/24/2015 16:00,18.73
3/25/2015 16:00,18.31
3/26/2015 16:00,18.38
3/27/2015 16:00,18.6
3/30/2015 16:00,18.75
3/31/2015 16:00,18.79
4/1/2015 16:00,18.77
4/2/2015 16:00,18.84
4/6/2015 16:00,19.06
4/7/2015 16:00,18.91
4/8/2015 16:00,19.04
4/9/2015 16:00,18.93
4/10/2015 16:00,18.93
4/13/2015 16:00,18.84
4/14/2015 16:00,18.8
4/15/2015 16:00,18.91
4/16/2015 16:00,18.79
4/17/2015 16:00,18.5
4/20/2015 16:00,18.7
4/21/2015 16:00,18.68
4/22/2015 16:00,18.6
4/23/2015 16:00,18.67
4/24/2015 16:00,18.59
4/27/2015 16:00,18.33
4/28/2015 16:00,18.31
4/29/2015 16:00,18.14
4/30/2015 16:00,17.79
5/1/2015 16:00,17.89
5/4/2015 16:00,17.99
5/5/2015 16:00,17.58
5/6/2015 16:00,17.52
5/7/2015 16:00,17.56
5/8/2015 16:00,17.57
5/11/2015 16:00,17.56
5/12/2015 16:00,17.61
5/13/2015 16:00,17.52
5/14/2015 16:00,17.71
5/15/2015 16:00,17.66
5/18/2015 16:00,17.84
5/19/2015 16:00,17.83
5/20/2015 16:00,17.79
5/21/2015 16:00,17.75
5/22/2015 16:00,17.8
5/26/2015 16:00,17.65
5/27/2015 16:00,17.79
5/28/2015 16:00,17.22
5/29/2015 16:00,17.3
6/1/2015 16:00,17.1
6/2/2015 16:00,17.17
6/3/2015 16:00,17.27
6/4/2015 16:00,17.78
6/5/2015 16:00,17.88
6/8/2015 16:00,17.76
6/9/2015 16:00,17.8
6/10/2015 16:00,17.85
6/11/2015 16:00,17.94
6/12/2015 16:00,17.89
6/15/2015 16:00,17.85
6/16/2015 16:00,18
6/17/2015 16:00,17.84
6/18/2015 16:00,17.98
6/19/2015 16:00,17.92
6/22/2015 16:00,17.93
6/23/2015 16:00,17.95
6/24/2015 16:00,17.83
6/25/2015 16:00,17.84
6/26/2015 16:00,17.86
6/29/2015 16:00,17.68
6/30/2015 16:00,17.74
7/1/2015 16:00,17.82
7/2/2015 16:00,17.77
7/6/2015 16:00,17.89
7/7/2015 16:00,18.02
7/8/2015 16:00,17.64
7/9/2015 16:00,17.64
7/10/2015 16:00,17.73
7/13/2015 16:00,17.95
7/14/2015 16:00,18.07
7/15/2015 16:00,18.21
7/16/2015 16:00,18.32
7/17/2015 16:00,18.31
7/20/2015 16:00,18.31
7/21/2015 16:00,17.95
7/22/2015 16:00,18.04
7/23/2015 16:00,17.95
7/24/2015 16:00,17.71
7/27/2015 16:00,17.63
7/28/2015 16:00,17.86
7/29/2015 16:00,18
7/30/2015 16:00,17.93
7/31/2015 16:00,18.02
8/3/2015 16:00,18.07
8/4/2015 16:00,18.09
8/5/2015 16:00,18.18
8/6/2015 16:00,17.99
8/7/2015 16:00,18.09
8/10/2015 16:00,18.26
8/11/2015 16:00,18.11
8/12/2015 16:00,18.01
8/13/2015 16:00,18.02
8/14/2015 16:00,18.19
8/17/2015 16:00,18.37
8/18/2015 16:00,18.25
8/19/2015 16:00,18.06
8/20/2015 16:00,17.66
8/21/2015 16:00,17.3
8/24/2015 16:00,16.74
8/25/2015 16:00,16.79
8/26/2015 16:00,17.06
8/27/2015 16:00,17.36
8/28/2015 16:00,17.5
8/31/2015 16:00,17.51
9/1/2015 16:00,16.93
9/2/2015 16:00,17.51
9/3/2015 16:00,17.43
9/4/2015 16:00,17.44
9/8/2015 16:00,17.68
9/9/2015 16:00,17.48
9/10/2015 16:00,17.56
9/11/2015 16:00,17.52
9/14/2015 16:00,17.35
9/15/2015 16:00,17.61
9/16/2015 16:00,17.66
9/17/2015 16:00,17.65
9/18/2015 16:00,17.38
9/21/2015 16:00,17.55
9/22/2015 16:00,17.18
9/23/2015 16:00,17.05
9/24/2015 16:00,16.92
9/25/2015 16:00,17.1
9/28/2015 16:00,16.73
9/29/2015 16:00,16.7
9/30/2015 16:00,16.45
10/1/2015 16:00,16.72
10/2/2015 16:00,16.99
10/5/2015 16:00,17.4
10/6/2015 16:00,17.32
10/7/2015 16:00,17.42
10/8/2015 16:00,17.43
10/9/2015 16:00,17.4
10/12/2015 16:00,17.47
10/13/2015 16:00,17.36
10/14/2015 16:00,17.2
10/15/2015 16:00,17.38
10/16/2015 16:00,17.38
10/19/2015 16:00,17.53
10/20/2015 16:00,17.64
10/21/2015 16:00,17.65
10/22/2015 16:00,17.71
10/23/2015 16:00,17.86
10/26/2015 16:00,17.95
10/27/2015 16:00,17.76
10/28/2015 16:00,18
10/29/2015 16:00,18.04
10/30/2015 16:00,18.11
11/2/2015 16:00,18.36
11/3/2015 16:00,18.31
11/4/2015 16:00,18.33
11/5/2015 16:00,18.54
11/6/2015 16:00,18.55
11/9/2015 16:00,18.52
11/10/2015 16:00,18.45
11/11/2015 16:00,18.27
11/12/2015 16:00,17.91
11/13/2015 16:00,17.84
11/16/2015 16:00,17.91
11/17/2015 16:00,17.96
11/18/2015 16:00,18.2
11/19/2015 16:00,18.3
11/20/2015 16:00,18.35
11/23/2015 16:00,18.6
11/24/2015 16:00,19.57
11/25/2015 16:00,19.79
11/27/2015 16:00,19.84
11/30/2015 16:00,19.74
12/1/2015 16:00,19.68
12/2/2015 16:00,19.63
12/3/2015 16:00,19.42
12/4/2015 16:00,19.52
12/7/2015 16:00,19.5
12/8/2015 16:00,19.48
12/9/2015 16:00,19.41
12/10/2015 16:00,19.43
12/11/2015 16:00,19.14
12/14/2015 16:00,19.16
12/15/2015 16:00,19.36
12/16/2015 16:00,19.35
12/17/2015 16:00,19.19
12/18/2015 16:00,19.06
12/21/2015 16:00,19.28
12/22/2015 16:00,19.4
12/23/2015 16:00,19.45
12/24/2015 16:00,19.15
12/28/2015 16:00,19.18
12/29/2015 16:00,19.41
12/30/2015 16:00,19.06
12/31/2015 16:00,19.01
1/4/2016 16:00,18.84
1/5/2016 16:00,18.87
1/6/2016 16:00,18.52
1/7/2016 16:00,17.83
1/8/2016 16:00,17.55
1/11/2016 16:00,17.57
1/12/2016 16:00,17.59
1/13/2016 16:00,17.26
1/14/2016 16:00,17.39
1/15/2016 16:00,16.86
1/19/2016 16:00,16.65
1/20/2016 16:00,16.58
1/21/2016 16:00,16.51
1/22/2016 16:00,17.04
1/25/2016 16:00,16.74
1/26/2016 16:00,17.09
1/27/2016 16:00,16.57
1/28/2016 16:00,16.61
1/29/2016 16:00,16.76
2/1/2016 16:00,16.77
2/2/2016 16:00,16.56
2/3/2016 16:00,16.67
2/4/2016 16:00,17.06
2/5/2016 16:00,16.59
2/8/2016 16:00,16.77
2/9/2016 16:00,17.06
2/10/2016 16:00,17.14
2/11/2016 16:00,17.15
2/12/2016 16:00,17.45
2/16/2016 16:00,17.77
2/17/2016 16:00,17.97
2/18/2016 16:00,17.88
2/19/2016 16:00,18
2/22/2016 16:00,18.11
2/23/2016 16:00,17.99
2/24/2016 16:00,18.39
2/25/2016 16:00,19.05
2/26/2016 16:00,19.26
2/29/2016 16:00,18.88
3/1/2016 16:00,19.7
3/2/2016 16:00,19.76
3/3/2016 16:00,19.95
3/4/2016 16:00,19.82
3/7/2016 16:00,19.95
3/8/2016 16:00,19.86
3/9/2016 16:00,20.07
3/10/2016 16:00,20.05
3/11/2016 16:00,20.2
3/14/2016 16:00,20.25
3/15/2016 16:00,20.24
3/16/2016 16:00,20.48
3/17/2016 16:00,20.37
3/18/2016 16:00,20.83
3/21/2016 16:00,20.69
3/22/2016 16:00,20.56
3/23/2016 16:00,20.34
3/24/2016 16:00,20.34
3/28/2016 16:00,20.21
3/29/2016 16:00,20.65
3/30/2016 16:00,20.81
3/31/2016 16:00,20.39
4/1/2016 16:00,20.6
4/4/2016 16:00,20.35
4/5/2016 16:00,20.26
4/6/2016 16:00,20.45
4/7/2016 16:00,20.23
4/8/2016 16:00,20.27
4/11/2016 16:00,20.46
4/12/2016 16:00,20.81
4/13/2016 16:00,21.06
4/14/2016 16:00,21.09
4/15/2016 16:00,21.09
4/18/2016 16:00,21.1
4/19/2016 16:00,21.24
4/20/2016 16:00,21.42
4/21/2016 16:00,21.08
4/22/2016 16:00,21.15
4/25/2016 16:00,21.12
4/26/2016 16:00,21.2
4/27/2016 16:00,21.38
4/28/2016 16:00,21.41
4/29/2016 16:00,21.42
5/2/2016 16:00,21.51
5/3/2016 16:00,21.25
5/4/2016 16:00,21.35
5/5/2016 16:00,21.5
5/6/2016 16:00,21.43
5/9/2016 16:00,21.6
5/10/2016 16:00,21.85
5/11/2016 16:00,21.68
5/12/2016 16:00,21.63
5/13/2016 16:00,21.37
5/16/2016 16:00,21.73
5/17/2016 16:00,21.58
5/18/2016 16:00,21.65
5/19/2016 16:00,21.33
5/20/2016 16:00,21.72
5/23/2016 16:00,21.68
5/24/2016 16:00,22.03
5/25/2016 16:00,21.96
5/26/2016 16:00,24.07
5/27/2016 16:00,24.44
5/31/2016 16:00,24.76
6/1/2016 16:00,24.68
6/2/2016 16:00,24.73
6/3/2016 16:00,24.41
6/6/2016 16:00,24.51
6/7/2016 16:00,24.67
6/8/2016 16:00,24.85
6/9/2016 16:00,25
6/10/2016 16:00,24.51
6/13/2016 16:00,24.44
6/14/2016 16:00,24.37
6/15/2016 16:00,24.42
6/16/2016 16:00,24.42
6/17/2016 16:00,24.3
6/20/2016 16:00,24.57
6/21/2016 16:00,24.49
6/22/2016 16:00,24.42
6/23/2016 16:00,24.72
6/24/2016 16:00,23.82
6/27/2016 16:00,23.23
6/28/2016 16:00,23.37
6/29/2016 16:00,24.05
6/30/2016 16:00,24.51
7/1/2016 16:00,24.67
7/5/2016 16:00,24.7
7/6/2016 16:00,24.66
7/7/2016 16:00,24.47
7/8/2016 16:00,24.93
7/11/2016 16:00,25.01
7/12/2016 16:00,25.01
7/13/2016 16:00,24.78
7/14/2016 16:00,24.96
7/15/2016 16:00,24.95
7/18/2016 16:00,24.78
7/19/2016 16:00,24.73
7/20/2016 16:00,24.88
7/21/2016 16:00,24.88
7/22/2016 16:00,25.18
7/25/2016 16:00,25.42
7/26/2016 16:00,25.3
7/27/2016 16:00,25.65
7/28/2016 16:00,25.22
7/29/2016 16:00,25.22
8/1/2016 16:00,25.66
8/2/2016 16:00,25.42
8/3/2016 16:00,25
8/4/2016 16:00,25.12
8/5/2016 16:00,25.5
8/8/2016 16:00,25.2
8/9/2016 16:00,25.21
8/10/2016 16:00,25.47
8/11/2016 16:00,25.34
8/12/2016 16:00,25.31
8/15/2016 16:00,25.42
8/16/2016 16:00,25.37
8/17/2016 16:00,25.6
8/18/2016 16:00,26.04
8/19/2016 16:00,26.09
8/22/2016 16:00,26.4
8/23/2016 16:00,26.48
8/24/2016 16:00,26.35
8/25/2016 16:00,26.1
8/26/2016 16:00,25.79
8/29/2016 16:00,25.85
8/30/2016 16:00,25.57
8/31/2016 16:00,25.51
9/1/2016 16:00,25.62
9/2/2016 16:00,25.84
9/6/2016 16:00,25.67
9/7/2016 16:00,25.58
9/8/2016 16:00,25.31
9/9/2016 16:00,25.01
9/12/2016 16:00,25.23
9/13/2016 16:00,24.88
9/14/2016 16:00,24.87
9/15/2016 16:00,25.16
9/16/2016 16:00,25.03
9/19/2016 16:00,25.37
9/20/2016 16:00,25.71
9/21/2016 16:00,26.75
9/22/2016 16:00,26.44
9/23/2016 16:00,27.03
9/26/2016 16:00,26.83
9/27/2016 16:00,27.03
9/28/2016 16:00,26.96
9/29/2016 16:00,26.51
9/30/2016 16:00,26.78
10/3/2016 16:00,26.93
10/4/2016 16:00,26.71
10/5/2016 16:00,26.75
10/6/2016 16:00,26.85
10/7/2016 16:00,26.74
10/10/2016 16:00,27.1
10/11/2016 16:00,26.83
10/12/2016 16:00,27.07
10/13/2016 16:00,26.94
10/14/2016 16:00,26.99
10/17/2016 16:00,26.98
10/18/2016 16:00,27.06
10/19/2016 16:00,27.23
10/20/2016 16:00,27.02
10/21/2016 16:00,26.75
10/24/2016 16:00,26.73
10/25/2016 16:00,26.49
10/26/2016 16:00,26.25
10/27/2016 16:00,25.88
10/28/2016 16:00,26.27
10/31/2016 16:00,26.24
11/1/2016 16:00,25.97
11/2/2016 16:00,25.91
11/3/2016 16:00,26.03
11/4/2016 16:00,25.4
11/7/2016 16:00,25.94
11/8/2016 16:00,26.25
11/9/2016 16:00,26.67
11/10/2016 16:00,26.63
11/11/2016 16:00,27.04
11/14/2016 16:00,27.59
11/15/2016 16:00,27.59
11/16/2016 16:00,27.9
11/17/2016 16:00,28.32
11/18/2016 16:00,28.03
11/21/2016 16:00,28.12
11/22/2016 16:00,26.87
11/23/2016 16:00,27.26
11/25/2016 16:00,27.32
11/28/2016 16:00,27.16
11/29/2016 16:00,27.27
11/30/2016 16:00,27.36
12/1/2016 16:00,27.35
12/2/2016 16:00,27.2
12/5/2016 16:00,27.29
12/6/2016 16:00,27.41
12/7/2016 16:00,27.97
12/8/2016 16:00,27.87
12/9/2016 16:00,27.68
12/12/2016 16:00,27.89
12/13/2016 16:00,28.09
12/14/2016 16:00,28.01
12/15/2016 16:00,28.07
12/16/2016 16:00,27.93
12/19/2016 16:00,27.95
12/20/2016 16:00,28.28
12/21/2016 16:00,28.13
12/22/2016 16:00,27.69
12/23/2016 16:00,27.78
12/27/2016 16:00,28.01
12/28/2016 16:00,27.78
12/29/2016 16:00,27.77
12/30/2016 16:00,27.71
1/3/2017 16:00,27.86
1/4/2017 16:00,28.23
1/5/2017 16:00,28.2
1/6/2017 16:00,28.34
1/9/2017 16:00,28.27
1/10/2017 16:00,28.36
1/11/2017 16:00,28.66
1/12/2017 16:00,28.42
1/13/2017 16:00,28.7
1/17/2017 16:00,28.28
1/18/2017 16:00,28.33
1/19/2017 16:00,28.26
1/20/2017 16:00,28.48
1/23/2017 16:00,28.19
1/24/2017 16:00,28.69
1/25/2017 16:00,28.81
1/26/2017 16:00,28.54
1/27/2017 16:00,28.51
1/30/2017 16:00,28.47
1/31/2017 16:00,28.37
2/1/2017 16:00,27.98
2/2/2017 16:00,27.83
2/3/2017 16:00,28.27
2/6/2017 16:00,28.26
2/7/2017 16:00,28.42
2/8/2017 16:00,28.6
2/9/2017 16:00,28.91
2/10/2017 16:00,29.09
2/13/2017 16:00,29.35
2/14/2017 16:00,29.3
2/15/2017 16:00,29.64
2/16/2017 16:00,29.92
2/17/2017 16:00,29.51
2/21/2017 16:00,30.15
2/22/2017 16:00,29.23
2/23/2017 16:00,29.7
2/24/2017 16:00,29.5
2/27/2017 16:00,29.76
2/28/2017 16:00,29.57
3/1/2017 16:00,30.01
3/2/2017 16:00,30.06
3/3/2017 16:00,30.25
3/6/2017 16:00,30.32
3/7/2017 16:00,30.32
3/8/2017 16:00,30.29
3/9/2017 16:00,30.23
3/10/2017 16:00,30.28
3/13/2017 16:00,30.3
3/14/2017 16:00,30.21
3/15/2017 16:00,30.54
3/16/2017 16:00,30.64
3/17/2017 16:00,30.75
3/20/2017 16:00,30.9
3/21/2017 16:00,30.38
3/22/2017 16:00,30.61
3/23/2017 16:00,30.71
3/24/2017 16:00,30.66
3/27/2017 16:00,31.04
3/28/2017 16:00,31.2
3/29/2017 16:00,31.15
3/30/2017 16:00,31.04
3/31/2017 16:00,30.97
4/3/2017 16:00,30.4
4/4/2017 16:00,29.98
4/5/2017 16:00,29.84
4/6/2017 16:00,30.01
4/7/2017 16:00,29.84
4/10/2017 16:00,30.06
4/11/2017 16:00,30.12
4/12/2017 16:00,29.83
4/13/2017 16:00,29.65
4/17/2017 16:00,29.92
4/18/2017 16:00,29.82
4/19/2017 16:00,29.98
4/20/2017 16:00,30.23
4/21/2017 16:00,30.24
4/24/2017 16:00,30.68
4/25/2017 16:00,30.86
4/26/2017 16:00,30.99
4/27/2017 16:00,31.18
4/28/2017 16:00,30.9
5/1/2017 16:00,30.64
5/2/2017 16:00,30.65
5/3/2017 16:00,30.27
5/4/2017 16:00,30.52
5/5/2017 16:00,30.65
5/8/2017 16:00,30.5
5/9/2017 16:00,30.41
5/10/2017 16:00,30.17
5/11/2017 16:00,29.92
5/12/2017 16:00,29.89
5/15/2017 16:00,29.98
5/16/2017 16:00,29.97
5/17/2017 16:00,29.18
5/18/2017 16:00,29.34
5/19/2017 16:00,29.31
5/22/2017 16:00,29.7
5/23/2017 16:00,30.02
5/24/2017 16:00,29.98
5/25/2017 16:00,31.41
5/26/2017 16:00,31.05
5/30/2017 16:00,30.89
5/31/2017 16:00,31.19
6/1/2017 16:00,31.79
6/2/2017 16:00,31.72
6/5/2017 16:00,31.29
6/6/2017 16:00,30.98
6/7/2017 16:00,31.16
6/8/2017 16:00,31.07
6/9/2017 16:00,31.35
6/12/2017 16:00,31.44
6/13/2017 16:00,31.57
6/14/2017 16:00,31.5
6/15/2017 16:00,31.45
6/16/2017 16:00,31.24
6/19/2017 16:00,31.58
6/20/2017 16:00,31.18
6/21/2017 16:00,30.99
6/22/2017 16:00,31.27
6/23/2017 16:00,31.54
6/26/2017 16:00,31.45
6/27/2017 16:00,31.28
6/28/2017 16:00,31.51
6/29/2017 16:00,31.41
6/30/2017 16:00,31.79
7/3/2017 16:00,31.81
7/5/2017 16:00,31.63
7/6/2017 16:00,30.43
7/7/2017 16:00,30.97
7/10/2017 16:00,30.83
7/11/2017 16:00,31.09
7/12/2017 16:00,31.2
7/13/2017 16:00,31.19
7/14/2017 16:00,31.09
7/17/2017 16:00,31.12
7/18/2017 16:00,31.11
7/19/2017 16:00,31.41
7/20/2017 16:00,31.51
7/21/2017 16:00,31.55
7/24/2017 16:00,31.81
7/25/2017 16:00,31.89
7/26/2017 16:00,31.72
7/27/2017 16:00,31.88
7/28/2017 16:00,31.95
7/31/2017 16:00,31.49
8/1/2017 16:00,31.65
8/2/2017 16:00,31.24
8/3/2017 16:00,31.01
8/4/2017 16:00,31.3
8/7/2017 16:00,31.08
8/8/2017 16:00,30.7
8/9/2017 16:00,31.45
8/10/2017 16:00,31.17
8/11/2017 16:00,31.07
8/14/2017 16:00,31.81
8/15/2017 16:00,32.08
8/16/2017 16:00,32.23
8/17/2017 16:00,32.01
8/18/2017 16:00,31.88
8/21/2017 16:00,31.9
8/22/2017 16:00,32.13
8/23/2017 16:00,31.79
8/24/2017 16:00,31.78
8/25/2017 16:00,31.71
8/28/2017 16:00,31.39
8/29/2017 16:00,31.45
8/30/2017 16:00,31.88
8/31/2017 16:00,32.69
9/1/2017 16:00,32.64
9/5/2017 16:00,32.49
9/6/2017 16:00,32.4
9/7/2017 16:00,32.13
9/8/2017 16:00,32.35
9/11/2017 16:00,32.6
9/12/2017 16:00,32.37
9/13/2017 16:00,32.8
9/14/2017 16:00,32.46
9/15/2017 16:00,32.52
9/18/2017 16:00,32.86
9/19/2017 16:00,32.54
9/20/2017 16:00,33.86
9/21/2017 16:00,33.8
9/22/2017 16:00,33.74
9/25/2017 16:00,34.03
9/26/2017 16:00,34.24
9/27/2017 16:00,34.61
9/28/2017 16:00,34.29
9/29/2017 16:00,34.37
10/2/2017 16:00,34.55
10/3/2017 16:00,34.65
10/4/2017 16:00,34.78
10/5/2017 16:00,35.18
10/6/2017 16:00,35.24
10/9/2017 16:00,35.39
10/10/2017 16:00,35.56
10/11/2017 16:00,35.84
10/12/2017 16:00,36.11
10/13/2017 16:00,36.32
10/16/2017 16:00,36.27
10/17/2017 16:00,36.39
10/18/2017 16:00,36.43
10/19/2017 16:00,36.41
10/20/2017 16:00,36.48
10/23/2017 16:00,36.15
10/24/2017 16:00,36.16
10/25/2017 16:00,35.75
10/26/2017 16:00,35.91
10/27/2017 16:00,35.88
10/30/2017 16:00,36.04
10/31/2017 16:00,36.29
11/1/2017 16:00,35.84
11/2/2017 16:00,36.5
11/3/2017 16:00,36.41
11/6/2017 16:00,36.22
11/7/2017 16:00,35.75
11/8/2017 16:00,35.9
11/9/2017 16:00,35.62
11/10/2017 16:00,35.85
11/13/2017 16:00,35.88
11/14/2017 16:00,35.88
11/15/2017 16:00,35.95
11/16/2017 16:00,35.94
11/17/2017 16:00,35.55
11/20/2017 16:00,36.31
11/21/2017 16:00,36.7
11/22/2017 16:00,41.01
11/24/2017 13:00,42.46
11/27/2017 16:00,41.77
11/28/2017 16:00,41.79
11/29/2017 16:00,42.13
11/30/2017 16:00,43.16
12/1/2017 16:00,43.01
12/4/2017 16:00,42.99
12/5/2017 16:00,43.52
12/6/2017 16:00,43.39
12/7/2017 16:00,43.88
12/8/2017 16:00,43.96
12/11/2017 16:00,43.9
12/12/2017 16:00,43.7
12/13/2017 16:00,43.91
12/14/2017 16:00,43.8
12/15/2017 16:00,44.11
12/18/2017 16:00,44.38
12/19/2017 16:00,44.04
12/20/2017 16:00,43.8
12/21/2017 16:00,43.41
12/22/2017 16:00,43.35
12/26/2017 16:00,43.34
12/27/2017 16:00,43.29
12/28/2017 16:00,43.2
12/29/2017 16:00,43.19
1/2/2018 16:00,43.6
1/3/2018 16:00,43.39
1/4/2018 16:00,43.74
1/5/2018 16:00,43.53
1/8/2018 16:00,43.55
1/9/2018 16:00,43.48
1/10/2018 16:00,43.52
1/11/2018 16:00,44.5
1/12/2018 16:00,44.85
1/16/2018 16:00,44.32
1/17/2018 16:00,44.33
1/18/2018 16:00,44.6
1/19/2018 16:00,45.67
1/22/2018 16:00,45.42
1/23/2018 16:00,44.99
1/24/2018 16:00,44.72
1/25/2018 16:00,44.98
1/26/2018 16:00,45.34
1/29/2018 16:00,44.79
1/30/2018 16:00,44.4
1/31/2018 16:00,44.07
2/1/2018 16:00,43.62
2/2/2018 16:00,43.44
2/5/2018 16:00,41.71
2/6/2018 16:00,41.76
2/7/2018 16:00,41.74
2/8/2018 16:00,40.75
2/9/2018 16:00,41.54
2/12/2018 16:00,42.83
2/13/2018 16:00,43.19
2/14/2018 16:00,44.9
2/15/2018 16:00,45.74
2/16/2018 16:00,46.47
2/20/2018 16:00,46.83
2/21/2018 16:00,46.11
2/22/2018 16:00,46.2
2/23/2018 16:00,46.77
2/26/2018 16:00,46.92
2/27/2018 16:00,47.67
2/28/2018 16:00,46.81
3/1/2018 16:00,45.95
3/2/2018 16:00,46.16
3/5/2018 16:00,47.5
3/6/2018 16:00,49.04
3/7/2018 16:00,49.53
3/8/2018 16:00,49.1
3/9/2018 16:00,50.11
3/12/2018 16:00,51.11
3/13/2018 16:00,50.78
3/14/2018 16:00,50.71
3/15/2018 16:00,50.3
3/16/2018 16:00,51.04
3/19/2018 16:00,50.45
3/20/2018 16:00,51.26
3/21/2018 16:00,51.25
3/22/2018 16:00,49.87
3/23/2018 16:00,49.73
3/26/2018 16:00,50.93
3/27/2018 16:00,49.99
3/28/2018 16:00,49.83
3/29/2018 16:00,50.93
4/2/2018 16:00,49.8
4/3/2018 16:00,50.32
4/4/2018 16:00,50.66
4/5/2018 16:00,50.75
4/6/2018 16:00,49.66
4/9/2018 16:00,49.89
4/10/2018 16:00,50.6
4/11/2018 16:00,50.42
4/12/2018 16:00,50.84
4/13/2018 16:00,50.39
4/16/2018 16:00,50.33
4/17/2018 16:00,51.3
4/18/2018 16:00,51.83
4/19/2018 16:00,51.86
4/20/2018 16:00,51.5
4/23/2018 16:00,51.94
4/24/2018 16:00,51.17
4/25/2018 16:00,51.34
4/26/2018 16:00,51.42
4/27/2018 16:00,51.63
4/30/2018 16:00,51.08
5/1/2018 16:00,51.66
5/2/2018 16:00,51.8
5/3/2018 16:00,52.28
5/4/2018 16:00,52.82
5/7/2018 16:00,52.44
5/8/2018 16:00,53.2
5/9/2018 16:00,53.8
5/10/2018 16:00,54.26
5/11/2018 16:00,55.26
5/14/2018 16:00,55.61
5/15/2018 16:00,55.39
5/16/2018 16:00,56.12
5/17/2018 16:00,56.29
5/18/2018 16:00,54.07
5/21/2018 16:00,53.97
5/22/2018 16:00,53
5/23/2018 16:00,52.96
5/24/2018 16:00,52.71
5/25/2018 16:00,54.25
5/29/2018 16:00,55.42
5/30/2018 16:00,56.16
5/31/2018 16:00,54.83
6/1/2018 16:00,55.57
6/4/2018 16:00,56.11
6/5/2018 16:00,57.29
6/6/2018 16:00,57.15
6/7/2018 16:00,57.07
6/8/2018 16:00,57.63
6/11/2018 16:00,57.57
6/12/2018 16:00,57.61
6/13/2018 16:00,57.7
6/14/2018 16:00,58.08
6/15/2018 16:00,58.22
6/18/2018 16:00,58.82
6/19/2018 16:00,59.43
6/20/2018 16:00,60.2
6/21/2018 16:00,59.57
6/22/2018 16:00,59.91
6/25/2018 16:00,58.3
6/26/2018 16:00,56.28
6/27/2018 16:00,55.17
6/28/2018 16:00,56.01
6/29/2018 16:00,56.56
7/2/2018 16:00,56.84
7/3/2018 13:00,57.34
7/5/2018 16:00,57.16
7/6/2018 16:00,58.01
7/9/2018 16:00,58.75
7/10/2018 16:00,58.71
7/11/2018 16:00,58.32
7/12/2018 16:00,58.88
7/13/2018 16:00,59.31
7/16/2018 16:00,58.43
7/17/2018 16:00,59.16
7/18/2018 16:00,59.32
7/19/2018 16:00,59.13
7/20/2018 16:00,58.98
7/23/2018 16:00,58.26
7/24/2018 16:00,57.37
7/25/2018 16:00,58.33
7/26/2018 16:00,58.12
7/27/2018 16:00,56.94
7/30/2018 16:00,56.21
7/31/2018 16:00,57.39
8/1/2018 16:00,57.57
8/2/2018 16:00,57.8
8/3/2018 16:00,57.43
8/6/2018 16:00,58.51
8/7/2018 16:00,59.16
8/8/2018 16:00,59.37
8/9/2018 16:00,60
8/10/2018 16:00,60.23
8/13/2018 16:00,59.3
8/14/2018 16:00,59.51
8/15/2018 16:00,60.06
8/16/2018 16:00,60.82
8/17/2018 16:00,60.98
8/20/2018 16:00,61.67
8/21/2018 16:00,62.47
8/22/2018 16:00,63
8/23/2018 16:00,62.99
8/24/2018 16:00,62.73
8/27/2018 16:00,63.79
8/28/2018 16:00,64.07
8/29/2018 16:00,64.12
8/30/2018 16:00,64.39
8/31/2018 16:00,64.31
9/4/2018 16:00,64.9
9/5/2018 16:00,64.68
9/6/2018 16:00,65.1
9/7/2018 16:00,65.53
9/10/2018 16:00,65.91
9/11/2018 16:00,66.45
9/12/2018 16:00,66.24
9/13/2018 16:00,66.03
9/14/2018 16:00,64.83
9/17/2018 16:00,63.73
9/18/2018 16:00,64.17
9/19/2018 16:00,55.58
9/20/2018 16:00,56.13
9/21/2018 16:00,52.58
9/24/2018 16:00,51.42
9/25/2018 16:00,51.52
9/26/2018 16:00,51.65
9/27/2018 16:00,51.12
9/28/2018 16:00,51.53
10/1/2018 16:00,52.63
10/2/2018 16:00,51.23
10/3/2018 16:00,52.76
10/4/2018 16:00,51.74
10/5/2018 16:00,51.89
10/8/2018 16:00,51.26
10/9/2018 16:00,51.46
10/10/2018 16:00,49.96
10/11/2018 16:00,49.05
10/12/2018 16:00,50.38
10/15/2018 16:00,50.22
10/16/2018 16:00,51.08
10/17/2018 16:00,50.99
10/18/2018 16:00,49.76
10/19/2018 16:00,49.28
10/22/2018 16:00,50.48
10/23/2018 16:00,49.85
10/24/2018 16:00,46.33
10/25/2018 16:00,48.41
10/26/2018 16:00,47.26
10/29/2018 16:00,47.04
10/30/2018 16:00,48.5
10/31/2018 16:00,48.91
11/1/2018 16:00,50.16
11/2/2018 16:00,50.29
11/5/2018 16:00,50.36
11/6/2018 16:00,50.03
11/7/2018 16:00,50.8
11/8/2018 16:00,50.44
11/9/2018 16:00,50.27
11/12/2018 16:00,49.27
11/13/2018 16:00,48.82
11/14/2018 16:00,49.82
11/15/2018 16:00,50.8
11/16/2018 16:00,51.01
11/19/2018 16:00,48.54
11/20/2018 16:00,47.3
11/21/2018 16:00,50.09
11/23/2018 13:00,48.73
11/26/2018 16:00,50.19
11/27/2018 16:00,49.99
11/28/2018 16:00,51.74
11/29/2018 16:00,51.71
11/30/2018 16:00,51.18
12/3/2018 16:00,50.74
12/4/2018 16:00,49.28
12/6/2018 16:00,49.04
12/7/2018 16:00,47.28
12/10/2018 16:00,48.34
12/11/2018 16:00,48.56
12/12/2018 16:00,49.26
12/13/2018 16:00,49.38
12/14/2018 16:00,48.04
12/17/2018 16:00,47.19
12/18/2018 16:00,46.96
12/19/2018 16:00,47.04
12/20/2018 16:00,46.86
12/21/2018 16:00,45.9
12/24/2018 13:00,44.94
12/26/2018 16:00,47.43
12/27/2018 16:00,47.82
12/28/2018 16:00,47.52
12/31/2018 16:00,47.78
1/2/2019 16:00,47.68
1/3/2019 16:00,46.89
1/4/2019 16:00,48.56
1/7/2019 16:00,48.83
1/8/2019 16:00,49.63
1/9/2019 16:00,50.3
1/10/2019 16:00,50.6
1/11/2019 16:00,50.66
1/14/2019 16:00,49.92
1/15/2019 16:00,49.36
1/16/2019 16:00,49.32
1/17/2019 16:00,49.74
1/18/2019 16:00,50.06
1/22/2019 16:00,49.64
1/23/2019 16:00,49.27
1/24/2019 16:00,49.51
1/25/2019 16:00,50.08
1/28/2019 16:00,49.84
1/29/2019 16:00,49.58
1/30/2019 16:00,50.14
1/31/2019 16:00,50.63
2/1/2019 16:00,50.92
2/4/2019 16:00,51.53
2/5/2019 16:00,51.84
2/6/2019 16:00,51.93
2/7/2019 16:00,51.29
2/8/2019 16:00,51.73
2/11/2019 16:00,52.19
2/12/2019 16:00,53.26
2/13/2019 16:00,53.41
2/14/2019 16:00,53.93
2/15/2019 16:00,54.03
2/19/2019 16:00,53.32
2/20/2019 16:00,53.48
2/21/2019 16:00,56.53
2/22/2019 16:00,58.29
2/25/2019 16:00,59.21
2/26/2019 16:00,58.91
2/27/2019 16:00,58.48
2/28/2019 16:00,58.67
3/1/2019 16:00,58.4
3/4/2019 16:00,58.08
3/5/2019 16:00,58.11
3/6/2019 16:00,57.74
3/7/2019 16:00,58.27
3/8/2019 16:00,58.24
3/11/2019 16:00,58.92
3/12/2019 16:00,59.16
3/13/2019 16:00,59.67
3/14/2019 16:00,59.2
3/15/2019 16:00,59.03
3/18/2019 16:00,59.09
3/19/2019 16:00,58.87
3/20/2019 16:00,59.15
3/21/2019 16:00,59.76
3/22/2019 16:00,59.25
3/25/2019 16:00,59.53
3/26/2019 16:00,60.26
3/27/2019 16:00,59.7
3/28/2019 16:00,59.87
3/29/2019 16:00,60.59
4/1/2019 16:00,62.18
4/2/2019 16:00,63.16
4/3/2019 16:00,63.73
4/4/2019 16:00,62.99
4/5/2019 16:00,63.95
4/8/2019 16:00,64.64
4/9/2019 16:00,64.24
4/10/2019 16:00,64.27
4/11/2019 16:00,64.89
4/12/2019 16:00,65.37
4/15/2019 16:00,65.21
4/16/2019 16:00,65.18
4/17/2019 16:00,64.8
4/18/2019 16:00,65.06
4/22/2019 16:00,64.99
4/23/2019 16:00,65.86
4/24/2019 16:00,66.53
4/25/2019 16:00,65.76
4/26/2019 16:00,66.86
4/29/2019 16:00,67.08
4/30/2019 16:00,67.32
5/1/2019 16:00,66.01
5/2/2019 16:00,66.74
5/3/2019 16:00,67.11
5/6/2019 16:00,67.02
5/7/2019 16:00,66
5/8/2019 16:00,66.22
5/9/2019 16:00,66.35
5/10/2019 16:00,66.87
5/13/2019 16:00,65.23
5/14/2019 16:00,65.8
5/15/2019 16:00,66.31
5/16/2019 16:00,67.07
5/17/2019 16:00,65.6
5/20/2019 16:00,65.36
5/21/2019 16:00,65.94
5/22/2019 16:00,64.79
5/23/2019 16:00,69.94
5/24/2019 16:00,70.99
5/28/2019 16:00,71.7
5/29/2019 16:00,70.49
5/30/2019 16:00,71.55
5/31/2019 16:00,71.48
6/3/2019 16:00,71.3
6/4/2019 16:00,72.37
6/5/2019 16:00,73.07
6/6/2019 16:00,73.74
6/7/2019 16:00,74.65
6/10/2019 16:00,74.84
6/11/2019 16:00,73.69
6/12/2019 16:00,74.79
6/13/2019 16:00,74.77
6/14/2019 16:00,73.81
6/17/2019 16:00,73.22
6/18/2019 16:00,73.37
6/19/2019 16:00,74.07
6/20/2019 16:00,74.75
6/21/2019 16:00,73.94
6/24/2019 16:00,73.77
6/25/2019 16:00,73.38
6/26/2019 16:00,73.39
6/27/2019 16:00,73.36
6/28/2019 16:00,74.74
7/1/2019 16:00,74.97
7/2/2019 16:00,74.8
7/3/2019 13:00,74.97
7/5/2019 16:00,74.6
7/8/2019 16:00,74.14
7/9/2019 16:00,75.26
7/10/2019 16:00,75.78
7/11/2019 16:00,76.79
7/12/2019 16:00,77.33
7/15/2019 16:00,77.5
7/16/2019 16:00,77.47
7/17/2019 16:00,77.04
7/18/2019 16:00,77.81
7/19/2019 16:00,77.51
7/22/2019 16:00,78.24
7/23/2019 16:00,79.23
7/24/2019 16:00,79.37
7/25/2019 16:00,79.14
7/26/2019 16:00,79.43
7/29/2019 16:00,78.3
7/30/2019 16:00,77.82
7/31/2019 16:00,77.53
8/1/2019 16:00,76.74
8/2/2019 16:00,76.14
8/5/2019 16:00,73.4
8/6/2019 16:00,74.6
8/7/2019 16:00,75.05
8/8/2019 16:00,75.64
8/9/2019 16:00,75.62
8/12/2019 16:00,75.29
8/13/2019 16:00,76.29
8/14/2019 16:00,74.31
8/15/2019 16:00,74.55
8/16/2019 16:00,75.5
8/19/2019 16:00,76.18
8/20/2019 16:00,75.79
8/21/2019 16:00,76.87
8/22/2019 16:00,76.24
8/23/2019 16:00,73.68
8/26/2019 16:00,73.78
8/27/2019 16:00,74.63
8/28/2019 16:00,75.01
8/29/2019 16:00,75.74
8/30/2019 16:00,75.39
9/3/2019 16:00,74.76
9/4/2019 16:00,75.66
9/5/2019 16:00,80.61
9/6/2019 16:00,81.38
9/9/2019 16:00,82.29
9/10/2019 16:00,80.96
9/11/2019 16:00,80.75
9/12/2019 16:00,80.88
9/13/2019 16:00,81.81
9/16/2019 16:00,82.18
9/17/2019 16:00,83.44
9/18/2019 16:00,82.57
9/19/2019 16:00,82.23
9/20/2019 16:00,82.58
9/23/2019 16:00,81.8
9/24/2019 16:00,81.69
9/25/2019 16:00,81.04
9/26/2019 16:00,80.91
9/27/2019 16:00,79.71
9/30/2019 16:00,80.33
10/1/2019 16:00,79.53
10/2/2019 16:00,77.43
10/3/2019 16:00,79.22
10/4/2019 16:00,79.99
10/7/2019 16:00,79.76
10/8/2019 16:00,80.15
10/9/2019 16:00,80.48
10/10/2019 16:00,81.06
10/11/2019 16:00,81.37
10/14/2019 16:00,81.68
10/15/2019 16:00,81.74
10/16/2019 16:00,81.38
10/17/2019 16:00,81.02
10/18/2019 16:00,82.32
10/21/2019 16:00,83.62
10/22/2019 16:00,83.13
10/23/2019 16:00,83.04
10/24/2019 16:00,84.63
10/25/2019 16:00,83.94
10/28/2019 16:00,83.98
10/29/2019 16:00,84.68
10/30/2019 16:00,84
10/31/2019 16:00,82.64
11/1/2019 16:00,82.91
11/4/2019 16:00,82.14
11/5/2019 16:00,82.25
11/6/2019 16:00,81.86
11/7/2019 16:00,81.62
11/8/2019 16:00,81.46
11/11/2019 16:00,82.97
11/12/2019 16:00,82.3
11/13/2019 16:00,83.6
11/14/2019 16:00,85.82
11/15/2019 16:00,85.99
11/18/2019 16:00,86
11/19/2019 16:00,86.38
11/20/2019 16:00,84.92
11/21/2019 16:00,87.85
11/22/2019 16:00,89.26
11/25/2019 16:00,89.94
11/26/2019 16:00,90.8
11/27/2019 16:00,90.23
11/29/2019 13:00,89
12/2/2019 16:00,87.96
12/3/2019 16:00,87.28
12/4/2019 16:00,87.05
12/5/2019 16:00,88.24
12/6/2019 16:00,88.58
12/9/2019 16:00,88.2
12/10/2019 16:00,88.38
12/11/2019 16:00,88.29
12/12/2019 16:00,88.48
12/13/2019 16:00,88.62
12/16/2019 16:00,90.19
12/17/2019 16:00,90.38
12/18/2019 16:00,89.9
12/19/2019 16:00,89.4
12/20/2019 16:00,90.72
12/23/2019 16:00,89.87
12/24/2019 13:00,90.91
12/26/2019 16:00,91.02
12/27/2019 16:00,90.82
12/30/2019 16:00,90.86
