Date,CPRT,NVDA,PWR
1/2/2015 16:00,18.29,20.13,28.35
1/5/2015 16:00,18.11,19.79,27.55
1/6/2015 16:00,17.91,19.19,27.21
1/7/2015 16:00,17.96,19.14,27.19
1/8/2015 16:00,18.15,19.86,28.02
1/9/2015 16:00,18.06,19.94,27.53
1/12/2015 16:00,17.82,19.69,26.68
1/13/2015 16:00,17.76,19.66,26.47
1/14/2015 16:00,17.67,19.74,26.34
1/15/2015 16:00,17.51,19.6,25.79
1/16/2015 16:00,17.51,19.96,26.37
1/20/2015 16:00,17.5,20.02,26.38
1/21/2015 16:00,17.83,20.3,27.17
1/22/2015 16:00,18.27,20.65,27.24
1/23/2015 16:00,18.45,20.71,27.35
1/26/2015 16:00,18.61,20.62,27.56
1/27/2015 16:00,18.41,19.63,27.33
1/28/2015 16:00,18.34,19.31,26.32
1/29/2015 16:00,18.46,19.78,26.79
1/30/2015 16:00,18.3,19.2,26.48
2/2/2015 16:00,18.56,19.62,28.15
2/3/2015 16:00,18.9,20.11,29.02
2/4/2015 16:00,18.6,20.16,28.23
2/5/2015 16:00,18.75,20.49,28.94
2/6/2015 16:00,18.84,20.4,28.95
2/9/2015 16:00,18.84,20.38,28.75
2/10/2015 16:00,18.93,20.95,28.6
2/11/2015 16:00,18.92,20.81,28.53
2/12/2015 16:00,18.97,22.3,28.86
2/13/2015 16:00,19.09,22.31,28.76
2/17/2015 16:00,18.99,22.38,28.68
2/18/2015 16:00,19.02,22.12,29.38
2/19/2015 16:00,18.97,22.18,29.61
2/20/2015 16:00,19,22.34,29.51
2/23/2015 16:00,18.76,22.16,28.76
2/24/2015 16:00,18.8,22.31,29.04
2/25/2015 16:00,19.18,22.14,29.14
2/26/2015 16:00,18.96,22.2,28.86
2/27/2015 16:00,18.71,22.06,28.78
3/2/2015 16:00,19.05,22.6,28.66
3/3/2015 16:00,18.93,22.18,28.7
3/4/2015 16:00,18.64,22.43,28.6
3/5/2015 16:00,18.64,22.86,28.7
3/6/2015 16:00,18.61,22.55,28.33
3/9/2015 16:00,18.61,22.61,28.39
3/10/2015 16:00,18.34,23,28.13
3/11/2015 16:00,18.41,22.88,28.14
3/12/2015 16:00,18.66,22.67,28.14
3/13/2015 16:00,18.64,22.7,27.67
3/16/2015 16:00,18.86,22.97,28.16
3/17/2015 16:00,18.7,23.25,27.98
3/18/2015 16:00,18.68,22.87,28.39
3/19/2015 16:00,18.68,23.22,27.82
3/20/2015 16:00,18.9,23.47,28.04
3/23/2015 16:00,18.77,22.71,28.31
3/24/2015 16:00,18.73,22.4,28.22
3/25/2015 16:00,18.31,21.04,27.85
3/26/2015 16:00,18.38,20.97,28.24
3/27/2015 16:00,18.6,21.38,28.01
3/30/2015 16:00,18.75,21.47,28.83
3/31/2015 16:00,18.79,20.93,28.53
4/1/2015 16:00,18.77,21.01,28.4
4/2/2015 16:00,18.84,21.06,28.44
4/6/2015 16:00,19.06,21.67,29.12
4/7/2015 16:00,18.91,21.86,28.66
4/8/2015 16:00,19.04,22.02,28.47
4/9/2015 16:00,18.93,22.53,28.69
4/10/2015 16:00,18.93,22.76,28.62
4/13/2015 16:00,18.84,22.55,28.71
4/14/2015 16:00,18.8,22.36,29.06
4/15/2015 16:00,18.91,22.63,29.95
4/16/2015 16:00,18.79,22.49,29.52
4/17/2015 16:00,18.5,22.2,29.11
4/20/2015 16:00,18.7,22.09,29.32
4/21/2015 16:00,18.68,22.06,29.17
4/22/2015 16:00,18.6,22.31,29.01
4/23/2015 16:00,18.67,22.22,29.21
4/24/2015 16:00,18.59,22.03,29.28
4/27/2015 16:00,18.33,22.2,29.48
4/28/2015 16:00,18.31,22.31,29.56
4/29/2015 16:00,18.14,22.14,29.68
4/30/2015 16:00,17.79,22.2,28.91
5/1/2015 16:00,17.89,22.75,28.23
5/4/2015 16:00,17.99,22.61,28.13
5/5/2015 16:00,17.58,22.03,27.95
5/6/2015 16:00,17.52,22.1,28
5/7/2015 16:00,17.56,22.49,28.03
5/8/2015 16:00,17.57,20.83,28.77
5/11/2015 16:00,17.56,20.63,29.18
5/12/2015 16:00,17.61,20.83,28.76
5/13/2015 16:00,17.52,20.95,29.23
5/14/2015 16:00,17.71,21.29,29.37
5/15/2015 16:00,17.66,21.3,29.68
5/18/2015 16:00,17.84,21.27,30.01
5/19/2015 16:00,17.83,21.04,29.43
5/20/2015 16:00,17.79,21.04,29.63
5/21/2015 16:00,17.75,20.89,30.15
5/22/2015 16:00,17.8,20.86,29.62
5/26/2015 16:00,17.65,20.73,28.92
5/27/2015 16:00,17.79,21.84,29.53
5/28/2015 16:00,17.22,22.14,29.41
5/29/2015 16:00,17.3,22.13,29.32
6/1/2015 16:00,17.1,22.38,29.5
6/2/2015 16:00,17.17,21.94,30.04
6/3/2015 16:00,17.27,21.7,30.07
6/4/2015 16:00,17.78,22.09,29.18
6/5/2015 16:00,17.88,22.26,29.4
6/8/2015 16:00,17.76,21.75,28.83
6/9/2015 16:00,17.8,21.86,28.9
6/10/2015 16:00,17.85,21.47,29.33
6/11/2015 16:00,17.94,21.7,29.45
6/12/2015 16:00,17.89,21.11,29.74
6/15/2015 16:00,17.85,21.07,29.44
6/16/2015 16:00,18,21.33,29.92
6/17/2015 16:00,17.84,21.58,29.83
6/18/2015 16:00,17.98,21.94,29.8
6/19/2015 16:00,17.92,21.87,29.84
6/22/2015 16:00,17.93,21.78,30.41
6/23/2015 16:00,17.95,21.22,30.25
6/24/2015 16:00,17.83,21.01,29.6
6/25/2015 16:00,17.84,21.17,29.19
6/26/2015 16:00,17.86,20.74,29.7
6/29/2015 16:00,17.68,20.12,28.83
6/30/2015 16:00,17.74,20.11,28.82
7/1/2015 16:00,17.82,20.4,28.74
7/2/2015 16:00,17.77,20.42,28.55
7/6/2015 16:00,17.89,20.17,28.32
7/7/2015 16:00,18.02,19.79,28.79
7/8/2015 16:00,17.64,19.65,27.7
7/9/2015 16:00,17.64,19.41,27.93
7/10/2015 16:00,17.73,19.75,28.09
7/13/2015 16:00,17.95,19.88,28.6
7/14/2015 16:00,18.07,19.89,28.9
7/15/2015 16:00,18.21,19.75,28.29
7/16/2015 16:00,18.32,20.19,28.51
7/17/2015 16:00,18.31,20.07,28.19
7/20/2015 16:00,18.31,19.7,28.15
7/21/2015 16:00,17.95,19.79,28.11
7/22/2015 16:00,18.04,19.41,27.77
7/23/2015 16:00,17.95,19.65,27.46
7/24/2015 16:00,17.71,19.42,27
7/27/2015 16:00,17.63,19.31,26.63
7/28/2015 16:00,17.86,19.73,27.21
7/29/2015 16:00,18,19.97,27.79
7/30/2015 16:00,17.93,20.02,27.78
7/31/2015 16:00,18.02,19.95,27.62
8/3/2015 16:00,18.07,20.29,27.42
8/4/2015 16:00,18.09,20.37,27.33
8/5/2015 16:00,18.18,20.58,23.11
8/6/2015 16:00,17.99,20.45,23.34
8/7/2015 16:00,18.09,22.98,23.64
8/10/2015 16:00,18.26,23.78,24.48
8/11/2015 16:00,18.11,23.66,24.45
8/12/2015 16:00,18.01,23.72,24.94
8/13/2015 16:00,18.02,23.52,24.19
8/14/2015 16:00,18.19,23.54,24.53
8/17/2015 16:00,18.37,23.39,24.46
8/18/2015 16:00,18.25,23.08,24.49
8/19/2015 16:00,18.06,22.99,24.18
8/20/2015 16:00,17.66,22.16,23.66
8/21/2015 16:00,17.3,21.47,23.06
8/24/2015 16:00,16.74,20.71,21.97
8/25/2015 16:00,16.79,20.28,21.83
8/26/2015 16:00,17.06,21.81,22.41
8/27/2015 16:00,17.36,22.63,23.65
8/28/2015 16:00,17.5,22.73,23.77
8/31/2015 16:00,17.51,22.48,24.24
9/1/2015 16:00,16.93,21.56,23.26
9/2/2015 16:00,17.51,22.21,23.7
9/3/2015 16:00,17.43,22.27,23.88
9/4/2015 16:00,17.44,21.75,23.69
9/8/2015 16:00,17.68,22.68,24.42
9/9/2015 16:00,17.48,22.23,24.36
9/10/2015 16:00,17.56,22.58,24.54
9/11/2015 16:00,17.52,22.65,24.4
9/14/2015 16:00,17.35,22.69,24.22
9/15/2015 16:00,17.61,22.94,24.61
9/16/2015 16:00,17.66,23.1,24.93
9/17/2015 16:00,17.65,23.31,24.74
9/18/2015 16:00,17.38,23.29,24.58
9/21/2015 16:00,17.55,23.53,24.91
9/22/2015 16:00,17.18,22.89,24.46
9/23/2015 16:00,17.05,23,23.73
9/24/2015 16:00,16.92,23.44,24.1
9/25/2015 16:00,17.1,23.61,24.38
9/28/2015 16:00,16.73,23.3,23.6
9/29/2015 16:00,16.7,23.71,23.85
9/30/2015 16:00,16.45,24.65,24.21
10/1/2015 16:00,16.72,24.17,24.69
10/2/2015 16:00,16.99,24.8,24.75
10/5/2015 16:00,17.4,25.42,25.56
10/6/2015 16:00,17.32,25.75,25.63
10/7/2015 16:00,17.42,26.02,26.2
10/8/2015 16:00,17.43,26.17,26.78
10/9/2015 16:00,17.4,26.07,26.51
10/12/2015 16:00,17.47,26.35,26.28
10/13/2015 16:00,17.36,26.4,25.88
10/14/2015 16:00,17.2,27.36,25.6
10/15/2015 16:00,17.38,27.43,26.21
10/16/2015 16:00,17.38,27.86,18.74
10/19/2015 16:00,17.53,27.81,19.31
10/20/2015 16:00,17.64,27.77,19.84
10/21/2015 16:00,17.65,27.41,19.55
10/22/2015 16:00,17.71,28.4,19.32
10/23/2015 16:00,17.86,28.59,19.48
10/26/2015 16:00,17.95,28.46,19.51
10/27/2015 16:00,17.76,28.44,19.32
10/28/2015 16:00,18,28.67,19.84
10/29/2015 16:00,18.04,27.68,19.85
10/30/2015 16:00,18.11,28.37,20.11
11/2/2015 16:00,18.36,28.7,20.03
11/3/2015 16:00,18.31,28.5,20.16
11/4/2015 16:00,18.33,28.03,19.95
11/5/2015 16:00,18.54,27.71,20.73
11/6/2015 16:00,18.55,31.55,20.85
11/9/2015 16:00,18.52,31.41,21.24
11/10/2015 16:00,18.45,30.81,21.49
11/11/2015 16:00,18.27,30.51,21.65
11/12/2015 16:00,17.91,30.4,20.67
11/13/2015 16:00,17.84,29.8,20.7
11/16/2015 16:00,17.91,30.4,21.17
11/17/2015 16:00,17.96,30.4,20.95
11/18/2015 16:00,18.2,31.03,21.31
11/19/2015 16:00,18.3,31.12,21.55
11/20/2015 16:00,18.35,31.39,21.5
11/23/2015 16:00,18.6,30.92,21.41
11/24/2015 16:00,19.57,31.17,21.76
11/25/2015 16:00,19.79,31.13,21.68
11/27/2015 16:00,19.84,31.39,21.72
11/30/2015 16:00,19.74,31.72,22.05
12/1/2015 16:00,19.68,32.75,22.56
12/2/2015 16:00,19.63,32.5,22.6
12/3/2015 16:00,19.42,32.43,22.94
12/4/2015 16:00,19.52,33.75,21.54
12/7/2015 16:00,19.5,33.11,20.85
12/8/2015 16:00,19.48,33.56,20.27
12/9/2015 16:00,19.41,32.71,20.33
12/10/2015 16:00,19.43,32.98,20.42
12/11/2015 16:00,19.14,32.49,19.83
12/14/2015 16:00,19.16,32.57,19.84
12/15/2015 16:00,19.36,32.97,20.32
12/16/2015 16:00,19.35,33.17,20.71
12/17/2015 16:00,19.19,32.67,19.86
12/18/2015 16:00,19.06,32.14,19.86
12/21/2015 16:00,19.28,32.9,19.97
12/22/2015 16:00,19.4,32.93,20.22
12/23/2015 16:00,19.45,33.06,20.91
12/24/2015 16:00,19.15,33.17,20.68
12/28/2015 16:00,19.18,33.14,20.62
12/29/2015 16:00,19.41,33.68,20.77
12/30/2015 16:00,19.06,33.39,20.52
12/31/2015 16:00,19.01,32.96,20.25
1/4/2016 16:00,18.84,32.37,20.31
1/5/2016 16:00,18.87,32.89,19.46
1/6/2016 16:00,18.52,31.53,19.44
1/7/2016 16:00,17.83,30.28,18.92
1/8/2016 16:00,17.55,29.63,18.7
1/11/2016 16:00,17.57,29.68,18.47
1/12/2016 16:00,17.59,30.18,18.5
1/13/2016 16:00,17.26,29.26,18.08
1/14/2016 16:00,17.39,28.67,18.03
1/15/2016 16:00,16.86,27.11,18.13
1/19/2016 16:00,16.65,27.33,17.55
1/20/2016 16:00,16.58,27.48,17.64
1/21/2016 16:00,16.51,27.8,17.66
1/22/2016 16:00,17.04,28.45,17.89
1/25/2016 16:00,16.74,28.42,17.83
1/26/2016 16:00,17.09,28.7,17.91
1/27/2016 16:00,16.57,28.36,17.77
1/28/2016 16:00,16.61,28.05,18
1/29/2016 16:00,16.76,29.29,18.7
2/1/2016 16:00,16.77,29.3,18.75
2/2/2016 16:00,16.56,28.06,18.35
2/3/2016 16:00,16.67,28.2,18.58
2/4/2016 16:00,17.06,28.21,18.9
2/5/2016 16:00,16.59,26.43,18.82
2/8/2016 16:00,16.77,25.22,17.65
2/9/2016 16:00,17.06,25.49,17.54
2/10/2016 16:00,17.14,25.43,17.49
2/11/2016 16:00,17.15,25.3,17.29
2/12/2016 16:00,17.45,25.73,17.66
2/16/2016 16:00,17.77,26.99,18.04
2/17/2016 16:00,17.97,27.66,18.56
2/18/2016 16:00,17.88,30.04,18.57
2/19/2016 16:00,18,30.44,18.68
2/22/2016 16:00,18.11,31.52,19.02
2/23/2016 16:00,17.99,31.6,18.7
2/24/2016 16:00,18.39,31.82,18.52
2/25/2016 16:00,19.05,31.89,19.92
2/26/2016 16:00,19.26,31.68,20.21
2/29/2016 16:00,18.88,31.36,20.29
3/1/2016 16:00,19.7,32.75,20.89
3/2/2016 16:00,19.76,32.94,21.2
3/3/2016 16:00,19.95,32.65,21.51
3/4/2016 16:00,19.82,32.55,21.76
3/7/2016 16:00,19.95,32.34,22.01
3/8/2016 16:00,19.86,31.75,22
3/9/2016 16:00,20.07,31.73,21.96
3/10/2016 16:00,20.05,31.68,22.11
3/11/2016 16:00,20.2,32.22,22.56
3/14/2016 16:00,20.25,32.3,22.46
3/15/2016 16:00,20.24,32.14,21.91
3/16/2016 16:00,20.48,33.1,22.19
3/17/2016 16:00,20.37,32.82,22.52
3/18/2016 16:00,20.83,33.81,22.67
3/21/2016 16:00,20.69,33.91,22.64
3/22/2016 16:00,20.56,33.85,22.7
3/23/2016 16:00,20.34,34.43,22.32
3/24/2016 16:00,20.34,34.48,22.3
3/28/2016 16:00,20.21,34.83,22.29
3/29/2016 16:00,20.65,35.39,22.58
3/30/2016 16:00,20.81,35.76,22.62
3/31/2016 16:00,20.39,35.63,22.56
4/1/2016 16:00,20.6,36.15,22.46
4/4/2016 16:00,20.35,35.8,22.16
4/5/2016 16:00,20.26,35.75,22.05
4/6/2016 16:00,20.45,35.8,22.46
4/7/2016 16:00,20.23,35.43,21.84
4/8/2016 16:00,20.27,35.66,22.13
4/11/2016 16:00,20.46,35.88,21.93
4/12/2016 16:00,20.81,35.84,22.39
4/13/2016 16:00,21.06,36.74,22.76
4/14/2016 16:00,21.09,36.84,22.61
4/15/2016 16:00,21.09,37.13,22.6
4/18/2016 16:00,21.1,36.97,22.63
4/19/2016 16:00,21.24,36.31,22.89
4/20/2016 16:00,21.42,36.45,22.9
4/21/2016 16:00,21.08,36.41,22.95
4/22/2016 16:00,21.15,36.27,23.41
4/25/2016 16:00,21.12,36.45,22.95
4/26/2016 16:00,21.2,36.48,23.63
4/27/2016 16:00,21.38,37.31,24.29
4/28/2016 16:00,21.41,36.2,23.58
4/29/2016 16:00,21.42,35.53,23.72
5/2/2016 16:00,21.51,36,23.92
5/3/2016 16:00,21.25,35.57,23.32
5/4/2016 16:00,21.35,34.76,23.22
5/5/2016 16:00,21.5,34.97,23.16
5/6/2016 16:00,21.43,35.33,23.63
5/9/2016 16:00,21.6,35.28,23.21
5/10/2016 16:00,21.85,35.96,23.66
5/11/2016 16:00,21.68,36.06,23.63
5/12/2016 16:00,21.63,35.57,23.41
5/13/2016 16:00,21.37,40.98,22.85
5/16/2016 16:00,21.73,42.19,23.2
5/17/2016 16:00,21.58,42.28,22.74
5/18/2016 16:00,21.65,43.36,22.42
5/19/2016 16:00,21.33,43.55,22.57
5/20/2016 16:00,21.72,44.33,22.82
5/23/2016 16:00,21.68,44.4,22.87
5/24/2016 16:00,22.03,45.36,22.65
5/25/2016 16:00,21.96,45.17,23.41
5/26/2016 16:00,24.07,45.65,23.57
5/27/2016 16:00,24.44,45.9,23.66
5/31/2016 16:00,24.76,46.72,24.03
6/1/2016 16:00,24.68,46.81,23.94
6/2/2016 16:00,24.73,47.14,23.63
6/3/2016 16:00,24.41,46.48,23.61
6/6/2016 16:00,24.51,46.24,23.92
6/7/2016 16:00,24.67,46.33,24.1
6/8/2016 16:00,24.85,46.18,24.38
6/9/2016 16:00,25,47.38,24.1
6/10/2016 16:00,24.51,46.2,23.47
6/13/2016 16:00,24.44,46.79,23.02
6/14/2016 16:00,24.37,46.88,22.95
6/15/2016 16:00,24.42,47.36,23.05
6/16/2016 16:00,24.42,47.55,23.09
6/17/2016 16:00,24.3,46.72,23.21
6/20/2016 16:00,24.57,47.56,23.44
6/21/2016 16:00,24.49,47.27,23.5
6/22/2016 16:00,24.42,47.23,23.56
6/23/2016 16:00,24.72,48.49,24.11
6/24/2016 16:00,23.82,45.73,23.01
6/27/2016 16:00,23.23,45.24,21.72
6/28/2016 16:00,23.37,45.9,21.92
6/29/2016 16:00,24.05,46.65,22.43
6/30/2016 16:00,24.51,47.01,23.12
7/1/2016 16:00,24.67,46.66,23.17
7/5/2016 16:00,24.7,47.35,23.04
7/6/2016 16:00,24.66,47.65,23.46
7/7/2016 16:00,24.47,48.89,23.66
7/8/2016 16:00,24.93,50.85,24.36
7/11/2016 16:00,25.01,52.02,24.67
7/12/2016 16:00,25.01,52.8,25.39
7/13/2016 16:00,24.78,52.78,25.43
7/14/2016 16:00,24.96,53.32,25.36
7/15/2016 16:00,24.95,52.7,25.46
7/18/2016 16:00,24.78,52.97,25.68
7/19/2016 16:00,24.73,53.52,25.46
7/20/2016 16:00,24.88,54.22,25.55
7/21/2016 16:00,24.88,53.22,25.42
7/22/2016 16:00,25.18,54.67,25.4
7/25/2016 16:00,25.42,55.68,25.42
7/26/2016 16:00,25.3,56.63,25.76
7/27/2016 16:00,25.65,56.06,25.84
7/28/2016 16:00,25.22,56.18,25.57
7/29/2016 16:00,25.22,57.1,25.6
8/1/2016 16:00,25.66,56.73,25.39
8/2/2016 16:00,25.42,56.04,25.17
8/3/2016 16:00,25,56.19,25.42
8/4/2016 16:00,25.12,57.23,23.45
8/5/2016 16:00,25.5,58.2,24.85
8/8/2016 16:00,25.2,58.74,24.64
8/9/2016 16:00,25.21,58.89,24.79
8/10/2016 16:00,25.47,58.51,24.73
8/11/2016 16:00,25.34,59.7,25.07
8/12/2016 16:00,25.31,63.04,24.9
8/15/2016 16:00,25.42,62.98,25.38
8/16/2016 16:00,25.37,62.6,25.39
8/17/2016 16:00,25.6,61.15,25.44
8/18/2016 16:00,26.04,62.1,26.14
8/19/2016 16:00,26.09,62.26,25.94
8/22/2016 16:00,26.4,62.52,26
8/23/2016 16:00,26.48,62.91,26.36
8/24/2016 16:00,26.35,61.94,26.28
8/25/2016 16:00,26.1,61.53,26.22
8/26/2016 16:00,25.79,62.03,26
8/29/2016 16:00,25.85,61.99,26.12
8/30/2016 16:00,25.57,61.63,25.95
8/31/2016 16:00,25.51,61.34,25.73
9/1/2016 16:00,25.62,63.15,25.74
9/2/2016 16:00,25.84,62.53,26.16
9/6/2016 16:00,25.67,63.12,26.22
9/7/2016 16:00,25.58,62.19,26.01
9/8/2016 16:00,25.31,62.64,26.11
9/9/2016 16:00,25.01,59.52,25.32
9/12/2016 16:00,25.23,60.75,25.31
9/13/2016 16:00,24.88,59.87,24.87
9/14/2016 16:00,24.87,60.4,24.67
9/15/2016 16:00,25.16,62.69,24.94
9/16/2016 16:00,25.03,62.84,24.93
9/19/2016 16:00,25.37,63.67,25.41
9/20/2016 16:00,25.71,63.09,24.88
9/21/2016 16:00,26.75,64.86,25.71
9/22/2016 16:00,26.44,65.02,25.94
9/23/2016 16:00,27.03,64.95,26.21
9/26/2016 16:00,26.83,64.34,26.45
9/27/2016 16:00,27.03,66.54,26.88
9/28/2016 16:00,26.96,66.78,27.83
9/29/2016 16:00,26.51,67.4,27.8
9/30/2016 16:00,26.78,68.52,27.99
10/3/2016 16:00,26.93,68.45,27.88
10/4/2016 16:00,26.71,68.3,27.9
10/5/2016 16:00,26.75,68.23,28.26
10/6/2016 16:00,26.85,67.34,28.58
10/7/2016 16:00,26.74,66.85,28.51
10/10/2016 16:00,27.1,67.1,28.76
10/11/2016 16:00,26.83,66.13,27.87
10/12/2016 16:00,27.07,66.43,28
10/13/2016 16:00,26.94,65.35,27.88
10/14/2016 16:00,26.99,65.99,27.94
10/17/2016 16:00,26.98,65.61,27.61
10/18/2016 16:00,27.06,66.61,27.91
10/19/2016 16:00,27.23,66.47,28.21
10/20/2016 16:00,27.02,67.73,28.34
10/21/2016 16:00,26.75,67.54,28.27
10/24/2016 16:00,26.73,70.71,28.49
10/25/2016 16:00,26.49,71.87,28.41
10/26/2016 16:00,26.25,72.16,28.42
10/27/2016 16:00,25.88,70.68,28.19
10/28/2016 16:00,26.27,70.56,28.56
10/31/2016 16:00,26.24,71.16,28.75
11/1/2016 16:00,25.97,69.05,28.35
11/2/2016 16:00,25.91,68.76,28.49
11/3/2016 16:00,26.03,67.96,28.31
11/4/2016 16:00,25.4,67.57,28.08
11/7/2016 16:00,25.94,71.27,28.63
11/8/2016 16:00,26.25,71.16,29
11/9/2016 16:00,26.67,69.96,30.69
11/10/2016 16:00,26.63,67.77,31.36
11/11/2016 16:00,27.04,87.97,31.41
11/14/2016 16:00,27.59,83.64,31.79
11/15/2016 16:00,27.59,86.19,33.04
11/16/2016 16:00,27.9,91.63,32.23
11/17/2016 16:00,28.32,92.39,32.25
11/18/2016 16:00,28.03,93.36,31.92
11/21/2016 16:00,28.12,92.98,32.28
11/22/2016 16:00,26.87,93.65,32.22
11/23/2016 16:00,27.26,93.97,32.78
11/25/2016 16:00,27.32,94.16,32.88
11/28/2016 16:00,27.16,94.11,32.27
11/29/2016 16:00,27.27,93.25,32.36
11/30/2016 16:00,27.36,92.2,33.72
12/1/2016 16:00,27.35,87.64,34.09
12/2/2016 16:00,27.2,88.45,33.8
12/5/2016 16:00,27.29,91.88,33.74
12/6/2016 16:00,27.41,93.39,33.96
12/7/2016 16:00,27.97,95.07,34.58
12/8/2016 16:00,27.87,93.48,35.1
12/9/2016 16:00,27.68,91.82,35.58
12/12/2016 16:00,27.89,89.59,35.67
12/13/2016 16:00,28.09,91.17,35.07
12/14/2016 16:00,28.01,96.45,34.96
12/15/2016 16:00,28.07,98.71,35.36
12/16/2016 16:00,27.93,100.41,35.56
12/19/2016 16:00,27.95,101.63,35.17
12/20/2016 16:00,28.28,105.17,35.53
12/21/2016 16:00,28.13,105.83,35.03
12/22/2016 16:00,27.69,107.11,34.7
12/23/2016 16:00,27.78,109.78,34.81
12/27/2016 16:00,28.01,117.32,35.04
12/28/2016 16:00,27.78,109.25,34.42
12/29/2016 16:00,27.77,111.43,34.59
12/30/2016 16:00,27.71,106.74,34.85
1/3/2017 16:00,27.86,102.01,34.91
1/4/2017 16:00,28.23,104.39,35.11
1/5/2017 16:00,28.2,101.74,34.87
1/6/2017 16:00,28.34,103.1,34.9
1/9/2017 16:00,28.27,107.28,34.19
1/10/2017 16:00,28.36,106.47,34.57
1/11/2017 16:00,28.66,105.16,34.72
1/12/2017 16:00,28.42,103.44,34.4
1/13/2017 16:00,28.7,103.43,34.89
1/17/2017 16:00,28.28,101.11,34.14
1/18/2017 16:00,28.33,102.95,34.28
1/19/2017 16:00,28.26,105.16,34.47
1/20/2017 16:00,28.48,104.01,34.66
1/23/2017 16:00,28.19,105.09,34.77
1/24/2017 16:00,28.69,107.33,37.41
1/25/2017 16:00,28.81,107.79,37.6
1/26/2017 16:00,28.54,109.65,37.45
1/27/2017 16:00,28.51,111.77,36.7
1/30/2017 16:00,28.47,110.02,36.58
1/31/2017 16:00,28.37,109.18,35.89
2/1/2017 16:00,27.98,113.95,35.7
2/2/2017 16:00,27.83,115.39,35.53
2/3/2017 16:00,28.27,114.38,36.6
2/6/2017 16:00,28.26,117.31,36.68
2/7/2017 16:00,28.42,119.13,36.46
2/8/2017 16:00,28.6,118.61,36.17
2/9/2017 16:00,28.91,116.38,36.92
2/10/2017 16:00,29.09,113.62,36.96
2/13/2017 16:00,29.35,108.38,37.15
2/14/2017 16:00,29.3,108.78,37.39
2/15/2017 16:00,29.64,109,37.4
2/16/2017 16:00,29.92,107.25,37.73
2/17/2017 16:00,29.51,107.23,37.24
2/21/2017 16:00,30.15,111.07,38.47
2/22/2017 16:00,29.23,110.76,37.66
2/23/2017 16:00,29.7,100.49,37.14
2/24/2017 16:00,29.5,101.46,37.76
2/27/2017 16:00,29.76,104.41,38.13
2/28/2017 16:00,29.57,101.48,37.32
3/1/2017 16:00,30.01,102.79,38.25
3/2/2017 16:00,30.06,99,37.52
3/3/2017 16:00,30.25,98.43,38.04
3/6/2017 16:00,30.32,97.67,37.67
3/7/2017 16:00,30.32,98.74,37.53
3/8/2017 16:00,30.29,98.56,37.49
3/9/2017 16:00,30.23,98.54,36.72
3/10/2017 16:00,30.28,99.12,37.31
3/13/2017 16:00,30.3,101.85,37.67
3/14/2017 16:00,30.21,101.78,37.23
3/15/2017 16:00,30.54,102.55,37.65
3/16/2017 16:00,30.64,103.81,37.48
3/17/2017 16:00,30.75,106.07,37.26
3/20/2017 16:00,30.9,109.45,37.1
3/21/2017 16:00,30.38,105.91,35.91
3/22/2017 16:00,30.61,108.07,36.31
3/23/2017 16:00,30.71,107.09,36.43
3/24/2017 16:00,30.66,107.47,36.13
3/27/2017 16:00,31.04,108.25,35.98
3/28/2017 16:00,31.2,107.69,36.48
3/29/2017 16:00,31.15,107.34,36.72
3/30/2017 16:00,31.04,109.4,37.12
3/31/2017 16:00,30.97,108.93,37.11
4/3/2017 16:00,30.4,108.38,36.48
4/4/2017 16:00,29.98,100.78,36.35
4/5/2017 16:00,29.84,100.03,35.3
4/6/2017 16:00,30.01,100.76,35.59
4/7/2017 16:00,29.84,100.33,35.8
4/10/2017 16:00,30.06,97.77,35.8
4/11/2017 16:00,30.12,98.12,35.62
4/12/2017 16:00,29.83,97.31,34.83
4/13/2017 16:00,29.65,95.49,34.16
4/17/2017 16:00,29.92,99.23,34.87
4/18/2017 16:00,29.82,99.29,34.94
4/19/2017 16:00,29.98,99.68,35.05
4/20/2017 16:00,30.23,101.26,35.21
4/21/2017 16:00,30.24,101.68,35.01
4/24/2017 16:00,30.68,102.95,35.93
4/25/2017 16:00,30.86,104.74,36
4/26/2017 16:00,30.99,104.02,36.29
4/27/2017 16:00,31.18,105.64,36.13
4/28/2017 16:00,30.9,104.3,35.44
5/1/2017 16:00,30.64,106.64,35.6
5/2/2017 16:00,30.65,103.48,35.53
5/3/2017 16:00,30.27,104.25,35.05
5/4/2017 16:00,30.52,103.85,34.97
5/5/2017 16:00,30.65,103.86,34.51
5/8/2017 16:00,30.5,102.77,34.44
5/9/2017 16:00,30.41,102.94,34.51
5/10/2017 16:00,30.17,121.29,33.67
5/11/2017 16:00,29.92,126.5,33.61
5/12/2017 16:00,29.89,127.89,32.49
5/15/2017 16:00,29.98,134.31,32.45
5/16/2017 16:00,29.97,136.81,31.82
5/17/2017 16:00,29.18,127.72,31.05
5/18/2017 16:00,29.34,133.07,31.22
5/19/2017 16:00,29.31,136,31.44
5/22/2017 16:00,29.7,138.9,31.6
5/23/2017 16:00,30.02,137.03,31.7
5/24/2017 16:00,29.98,138.57,31.28
5/25/2017 16:00,31.41,138.26,31.01
5/26/2017 16:00,31.05,141.84,31.07
5/30/2017 16:00,30.89,144.87,30.75
5/31/2017 16:00,31.19,144.35,30.66
6/1/2017 16:00,31.79,144.36,31.37
6/2/2017 16:00,31.72,143.64,31.6
6/5/2017 16:00,31.29,148.01,31.26
6/6/2017 16:00,30.98,147.34,31.24
6/7/2017 16:00,31.16,149.12,31.4
6/8/2017 16:00,31.07,159.94,31.81
6/9/2017 16:00,31.35,149.6,32.71
6/12/2017 16:00,31.44,149.97,32.66
6/13/2017 16:00,31.57,151.4,33
6/14/2017 16:00,31.5,151.72,32.46
6/15/2017 16:00,31.45,152.37,31.98
6/16/2017 16:00,31.24,151.62,32.06
6/19/2017 16:00,31.58,157.32,32.4
6/20/2017 16:00,31.18,157.09,31.77
6/21/2017 16:00,30.99,159.47,31.22
6/22/2017 16:00,31.27,158.37,31.21
6/23/2017 16:00,31.54,153.83,31.62
6/26/2017 16:00,31.45,152.15,32.29
6/27/2017 16:00,31.28,146.58,32.16
6/28/2017 16:00,31.51,151.75,32.26
6/29/2017 16:00,31.41,146.68,31.88
6/30/2017 16:00,31.79,144.56,32.92
7/3/2017 16:00,31.81,139.33,32.67
7/5/2017 16:00,31.63,143.05,32.67
7/6/2017 16:00,30.43,143.48,32.76
7/7/2017 16:00,30.97,146.76,33.05
7/10/2017 16:00,30.83,153.7,33.39
7/11/2017 16:00,31.09,155.88,33.41
7/12/2017 16:00,31.2,162.51,33.75
7/13/2017 16:00,31.19,160.63,34.37
7/14/2017 16:00,31.09,164.95,34.23
7/17/2017 16:00,31.12,164.25,33.8
7/18/2017 16:00,31.11,165.96,33.08
7/19/2017 16:00,31.41,165.1,33.37
7/20/2017 16:00,31.51,167.5,32.75
7/21/2017 16:00,31.55,168.1,33.05
7/24/2017 16:00,31.81,166.15,33.61
7/25/2017 16:00,31.89,165.35,34.17
7/26/2017 16:00,31.72,167.26,33.77
7/27/2017 16:00,31.88,161.74,33.94
7/28/2017 16:00,31.95,164.39,33.58
7/31/2017 16:00,31.49,162.51,33.73
8/1/2017 16:00,31.65,164.49,34.44
8/2/2017 16:00,31.24,164.39,34.22
8/3/2017 16:00,31.01,166.48,35.7
8/4/2017 16:00,31.3,167.21,36.5
8/7/2017 16:00,31.08,172.35,36.29
8/8/2017 16:00,30.7,170.3,36.54
8/9/2017 16:00,31.45,172.11,36.68
8/10/2017 16:00,31.17,164.74,35.68
8/11/2017 16:00,31.07,155.96,35.61
8/14/2017 16:00,31.81,168.4,35.62
8/15/2017 16:00,32.08,166.98,35.33
8/16/2017 16:00,32.23,165.15,34.27
8/17/2017 16:00,32.01,161.47,33.83
8/18/2017 16:00,31.88,161.5,34.04
8/21/2017 16:00,31.9,159.15,33.78
8/22/2017 16:00,32.13,162.55,34.3
8/23/2017 16:00,31.79,165.8,34.42
8/24/2017 16:00,31.78,165.19,34.41
8/25/2017 16:00,31.71,163.81,34.61
8/28/2017 16:00,31.39,164.97,34.89
8/29/2017 16:00,31.45,164.7,35.26
8/30/2017 16:00,31.88,165.68,35.38
8/31/2017 16:00,32.69,169.44,35.93
9/1/2017 16:00,32.64,170.46,36.02
9/5/2017 16:00,32.49,165.91,35.78
9/6/2017 16:00,32.4,165.81,35.56
9/7/2017 16:00,32.13,166.58,35.5
9/8/2017 16:00,32.35,163.69,36.13
9/11/2017 16:00,32.6,169,36.16
9/12/2017 16:00,32.37,169.61,36.54
9/13/2017 16:00,32.8,170.37,36.27
9/14/2017 16:00,32.46,169.4,36.46
9/15/2017 16:00,32.52,180.11,36.3
9/18/2017 16:00,32.86,187.55,36.34
9/19/2017 16:00,32.54,187.35,36.77
9/20/2017 16:00,33.86,185.84,36.97
9/21/2017 16:00,33.8,180.76,37.06
9/22/2017 16:00,33.74,179,37.12
9/25/2017 16:00,34.03,171,37.31
9/26/2017 16:00,34.24,171.96,37.51
9/27/2017 16:00,34.61,175.73,37.59
9/28/2017 16:00,34.29,175.68,37.52
9/29/2017 16:00,34.37,178.77,37.37
10/2/2017 16:00,34.55,179,37.42
10/3/2017 16:00,34.65,179.37,37.49
10/4/2017 16:00,34.78,180.87,37.14
10/5/2017 16:00,35.18,180.77,37.5
10/6/2017 16:00,35.24,181.3,37.54
10/9/2017 16:00,35.39,185.39,37.37
10/10/2017 16:00,35.56,188.93,37.36
10/11/2017 16:00,35.84,190.94,37.52
10/12/2017 16:00,36.11,191.03,37.5
10/13/2017 16:00,36.32,194.59,37.29
10/16/2017 16:00,36.27,197.93,37.84
10/17/2017 16:00,36.39,197.75,37.45
10/18/2017 16:00,36.43,197.58,37.4
10/19/2017 16:00,36.41,197.8,37.17
10/20/2017 16:00,36.48,196.9,37.45
10/23/2017 16:00,36.15,196.62,37.48
10/24/2017 16:00,36.16,198.68,37.88
10/25/2017 16:00,35.75,193.66,37.37
10/26/2017 16:00,35.91,195.69,37.83
10/27/2017 16:00,35.88,201.86,37.98
10/30/2017 16:00,36.04,203.84,38.06
10/31/2017 16:00,36.29,206.81,37.73
11/1/2017 16:00,35.84,207.2,37.34
11/2/2017 16:00,36.5,205.94,36.56
11/3/2017 16:00,36.41,208.69,35.66
11/6/2017 16:00,36.22,209.63,36.31
11/7/2017 16:00,35.75,212.03,36.21
11/8/2017 16:00,35.9,209.16,36.34
11/9/2017 16:00,35.62,205.32,35.51
11/10/2017 16:00,35.85,216.14,35.84
11/13/2017 16:00,35.88,212.63,36.72
11/14/2017 16:00,35.88,214.18,35.75
11/15/2017 16:00,35.95,209.98,35.35
11/16/2017 16:00,35.94,211.61,35.97
11/17/2017 16:00,35.55,211.36,36.01
11/20/2017 16:00,36.31,214.08,36.47
11/21/2017 16:00,36.7,216.05,36.89
11/22/2017 16:00,41.01,214.93,36.47
11/24/2017 13:00,42.46,216.96,36.13
11/27/2017 16:00,41.77,214.14,36.16
11/28/2017 16:00,41.79,210.71,37.06
11/29/2017 16:00,42.13,196.42,37.65
11/30/2017 16:00,43.16,200.71,37.9
12/1/2017 16:00,43.01,197.68,37.39
12/4/2017 16:00,42.99,186.66,38.8
12/5/2017 16:00,43.52,187.74,38.42
12/6/2017 16:00,43.39,189.26,38.29
12/7/2017 16:00,43.88,191.99,38.45
12/8/2017 16:00,43.96,191.49,39.4
12/11/2017 16:00,43.9,194.66,39.17
12/12/2017 16:00,43.7,190.84,39.12
12/13/2017 16:00,43.91,186.18,38.29
12/14/2017 16:00,43.8,186.47,37.44
12/15/2017 16:00,44.11,191.56,37.72
12/18/2017 16:00,44.38,197.9,38.38
12/19/2017 16:00,44.04,196.11,37.8
12/20/2017 16:00,43.8,196.8,38.54
12/21/2017 16:00,43.41,195.89,39.4
12/22/2017 16:00,43.35,195.27,39.41
12/26/2017 16:00,43.34,197.44,39.5
12/27/2017 16:00,43.29,197.17,39.48
12/28/2017 16:00,43.2,197.4,39.33
12/29/2017 16:00,43.19,193.5,39.11
1/2/2018 16:00,43.6,199.35,39.24
1/3/2018 16:00,43.39,212.47,39.55
1/4/2018 16:00,43.74,213.59,39.86
1/5/2018 16:00,43.53,215.4,39.51
1/8/2018 16:00,43.55,222,39.1
1/9/2018 16:00,43.48,221.94,38.64
1/10/2018 16:00,43.52,223.68,38.14
1/11/2018 16:00,44.5,224.08,39.07
1/12/2018 16:00,44.85,222.98,39.44
1/16/2018 16:00,44.32,220.11,38.69
1/17/2018 16:00,44.33,224.72,38.73
1/18/2018 16:00,44.6,224.44,38.53
1/19/2018 16:00,45.67,230.11,38.99
1/22/2018 16:00,45.42,233.69,39.09
1/23/2018 16:00,44.99,238.91,38.87
1/24/2018 16:00,44.72,235.8,38.97
1/25/2018 16:00,44.98,236.35,38.89
1/26/2018 16:00,45.34,243.33,39.14
1/29/2018 16:00,44.79,246.85,38.87
1/30/2018 16:00,44.4,242.72,38.4
1/31/2018 16:00,44.07,245.8,38.49
2/1/2018 16:00,43.62,240.5,38.26
2/2/2018 16:00,43.44,233.52,36.09
2/5/2018 16:00,41.71,213.7,34.4
2/6/2018 16:00,41.76,225.58,35.18
2/7/2018 16:00,41.74,228.8,34.45
2/8/2018 16:00,40.75,217.52,33.51
2/9/2018 16:00,41.54,232.08,33.53
2/12/2018 16:00,42.83,228.03,33.98
2/13/2018 16:00,43.19,232.63,33.72
2/14/2018 16:00,44.9,241.42,34.43
2/15/2018 16:00,45.74,246.5,34.83
2/16/2018 16:00,46.47,243.84,35.07
2/20/2018 16:00,46.83,249.08,34.95
2/21/2018 16:00,46.11,241.51,34.84
2/22/2018 16:00,46.2,242.15,35.9
2/23/2018 16:00,46.77,245.93,35.67
2/26/2018 16:00,46.92,246.58,35.66
2/27/2018 16:00,47.67,246.06,35.04
2/28/2018 16:00,46.81,242,34.44
3/1/2018 16:00,45.95,232.21,33.86
3/2/2018 16:00,46.16,236.54,34.24
3/5/2018 16:00,47.5,235.65,34.22
3/6/2018 16:00,49.04,242.16,34.68
3/7/2018 16:00,49.53,241.84,35.17
3/8/2018 16:00,49.1,241.18,35.17
3/9/2018 16:00,50.11,245.33,35.99
3/12/2018 16:00,51.11,249.76,35.96
3/13/2018 16:00,50.78,247.71,35.46
3/14/2018 16:00,50.71,248.74,35.07
3/15/2018 16:00,50.3,249.34,35
3/16/2018 16:00,51.04,250.48,35.36
3/19/2018 16:00,50.45,241,34.94
3/20/2018 16:00,51.26,249.58,35.1
3/21/2018 16:00,51.25,248.56,35.82
3/22/2018 16:00,49.87,241.85,34.39
3/23/2018 16:00,49.73,232.97,33.21
3/26/2018 16:00,50.93,244.48,34.25
3/27/2018 16:00,49.99,225.52,34
3/28/2018 16:00,49.83,221.35,33.87
3/29/2018 16:00,50.93,231.59,34.35
4/2/2018 16:00,49.8,221.05,33.53
4/3/2018 16:00,50.32,225.35,34.17
4/4/2018 16:00,50.66,226.24,34.51
4/5/2018 16:00,50.75,221.38,34.6
4/6/2018 16:00,49.66,214.25,33.72
4/9/2018 16:00,49.89,215.41,33.46
4/10/2018 16:00,50.6,227.91,34.17
4/11/2018 16:00,50.42,226.24,33.98
4/12/2018 16:00,50.84,234.6,34.31
4/13/2018 16:00,50.39,231.5,34.15
4/16/2018 16:00,50.33,231.49,34.54
4/17/2018 16:00,51.3,237.54,34.68
4/18/2018 16:00,51.83,236.37,34.58
4/19/2018 16:00,51.86,229.04,34.28
4/20/2018 16:00,51.5,228.71,33.81
4/23/2018 16:00,51.94,223.88,33.49
4/24/2018 16:00,51.17,221.2,32.71
4/25/2018 16:00,51.34,216.66,32.78
4/26/2018 16:00,51.42,225.22,32.83
4/27/2018 16:00,51.63,226.33,32.92
4/30/2018 16:00,51.08,224.9,32.5
5/1/2018 16:00,51.66,227.14,32.81
5/2/2018 16:00,51.8,226.31,32.81
5/3/2018 16:00,52.28,232.99,34.06
5/4/2018 16:00,52.82,239.06,34.95
5/7/2018 16:00,52.44,248.68,35.14
5/8/2018 16:00,53.2,250.4,35.53
5/9/2018 16:00,53.8,255.78,36.08
5/10/2018 16:00,54.26,260.13,36.26
5/11/2018 16:00,55.26,254.53,36.38
5/14/2018 16:00,55.61,255.36,36.49
5/15/2018 16:00,55.39,245.56,36.5
5/16/2018 16:00,56.12,246.01,36.74
5/17/2018 16:00,56.29,247.71,36.72
5/18/2018 16:00,54.07,245.94,36.62
5/21/2018 16:00,53.97,244.24,36.92
5/22/2018 16:00,53,242.7,36.19
5/23/2018 16:00,52.96,247.54,35.63
5/24/2018 16:00,52.71,247.69,35.6
5/25/2018 16:00,54.25,249.28,35.59
5/29/2018 16:00,55.42,248.59,35.62
5/30/2018 16:00,56.16,252.99,36.29
5/31/2018 16:00,54.83,252.19,36.01
6/1/2018 16:00,55.57,257.62,36.02
6/4/2018 16:00,56.11,264.85,36.23
6/5/2018 16:00,57.29,265.07,36.95
6/6/2018 16:00,57.15,265.15,37.1
6/7/2018 16:00,57.07,262.9,37.14
6/8/2018 16:00,57.63,262.28,37.11
6/11/2018 16:00,57.57,260.62,36.82
6/12/2018 16:00,57.61,262.58,36.84
6/13/2018 16:00,57.7,262.4,36.74
6/14/2018 16:00,58.08,266.91,35.92
6/15/2018 16:00,58.22,265.26,35.6
6/18/2018 16:00,58.82,265.09,35.75
6/19/2018 16:00,59.43,260.17,35.41
6/20/2018 16:00,60.2,262.31,35.39
6/21/2018 16:00,59.57,257.11,34.74
6/22/2018 16:00,59.91,250.95,34.18
6/25/2018 16:00,58.3,239.12,33.86
6/26/2018 16:00,56.28,241.99,33.84
6/27/2018 16:00,55.17,235.72,33.4
6/28/2018 16:00,56.01,235.72,33.25
6/29/2018 16:00,56.56,236.9,33.4
7/2/2018 16:00,56.84,242.24,33.56
7/3/2018 13:00,57.34,236.84,33.65
7/5/2018 16:00,57.16,242.73,33.75
7/6/2018 16:00,58.01,247.33,33.84
7/9/2018 16:00,58.75,249.25,34.24
7/10/2018 16:00,58.71,253.25,34.34
7/11/2018 16:00,58.32,253.25,33.61
7/12/2018 16:00,58.88,251.23,33.54
7/13/2018 16:00,59.31,249.32,33.68
7/16/2018 16:00,58.43,248.2,33.28
7/17/2018 16:00,59.16,253.69,33.19
7/18/2018 16:00,59.32,251.7,33.18
7/19/2018 16:00,59.13,252.03,33.4
7/20/2018 16:00,58.98,250.89,33.29
7/23/2018 16:00,58.26,249.41,32.82
7/24/2018 16:00,57.37,248.71,33.07
7/25/2018 16:00,58.33,251.87,33.73
7/26/2018 16:00,58.12,254.84,33.65
7/27/2018 16:00,56.94,252.02,33.7
7/30/2018 16:00,56.21,244.13,33.28
7/31/2018 16:00,57.39,244.86,34.07
8/1/2018 16:00,57.57,246.47,34.1
8/2/2018 16:00,57.8,250.62,35.11
8/3/2018 16:00,57.43,252.1,34.92
8/6/2018 16:00,58.51,254.03,35.08
8/7/2018 16:00,59.16,256.95,34.75
8/8/2018 16:00,59.37,258.42,34.82
8/9/2018 16:00,60,256.46,34.7
8/10/2018 16:00,60.23,254.79,34.45
8/13/2018 16:00,59.3,256.12,33.7
8/14/2018 16:00,59.51,261.43,34.02
8/15/2018 16:00,60.06,259.08,33.94
8/16/2018 16:00,60.82,257.44,33.18
8/17/2018 16:00,60.98,244.82,34.14
8/20/2018 16:00,61.67,247.84,34.12
8/21/2018 16:00,62.47,253.32,34.45
8/22/2018 16:00,63,262.82,34.17
8/23/2018 16:00,62.99,266.84,34
8/24/2018 16:00,62.73,272.22,33.77
8/27/2018 16:00,63.79,275.9,33.99
8/28/2018 16:00,64.07,274.38,34.12
8/29/2018 16:00,64.12,278.49,34.69
8/30/2018 16:00,64.39,277.81,34.45
8/31/2018 16:00,64.31,280.68,34.59
9/4/2018 16:00,64.9,283.7,33.96
9/5/2018 16:00,64.68,278.42,34.16
9/6/2018 16:00,65.1,272.72,34.26
9/7/2018 16:00,65.53,271.86,33.92
9/10/2018 16:00,65.91,274.73,34.4
9/11/2018 16:00,66.45,272.8,34.62
9/12/2018 16:00,66.24,268.2,35.15
9/13/2018 16:00,66.03,271.34,34.48
9/14/2018 16:00,64.83,276.43,34.56
9/17/2018 16:00,63.73,273.93,34.81
9/18/2018 16:00,64.17,271.02,34.25
9/19/2018 16:00,55.58,271.98,34.5
9/20/2018 16:00,56.13,266.28,34.67
9/21/2018 16:00,52.58,263.45,34.48
9/24/2018 16:00,51.42,265.7,34.35
9/25/2018 16:00,51.52,268.41,33.69
9/26/2018 16:00,51.65,266.92,33.21
9/27/2018 16:00,51.12,267.4,32.88
9/28/2018 16:00,51.53,281.02,33.38
10/1/2018 16:00,52.63,289.36,33.49
10/2/2018 16:00,51.23,286.48,33.63
10/3/2018 16:00,52.76,286.73,33.67
10/4/2018 16:00,51.74,279.29,32.64
10/5/2018 16:00,51.89,269.86,32.41
10/8/2018 16:00,51.26,265.77,32.56
10/9/2018 16:00,51.46,265.54,32.41
10/10/2018 16:00,49.96,245.69,31.69
10/11/2018 16:00,49.05,235.13,31.44
10/12/2018 16:00,50.38,246.54,31.34
10/15/2018 16:00,50.22,235.38,31.76
10/16/2018 16:00,51.08,245.83,32.76
10/17/2018 16:00,50.99,243.06,32.58
10/18/2018 16:00,49.76,239.53,32.31
10/19/2018 16:00,49.28,229.17,32.09
10/22/2018 16:00,50.48,231.22,31.83
10/23/2018 16:00,49.85,221.06,31.46
10/24/2018 16:00,46.33,199.41,30.3
10/25/2018 16:00,48.41,207.84,31.05
10/26/2018 16:00,47.26,198.29,30.96
10/29/2018 16:00,47.04,185.62,30.81
10/30/2018 16:00,48.5,203,31.42
10/31/2018 16:00,48.91,210.83,31.2
11/1/2018 16:00,50.16,218.11,33.43
11/2/2018 16:00,50.29,214.92,34.38
11/5/2018 16:00,50.36,211.77,34.91
11/6/2018 16:00,50.03,211.06,34.81
11/7/2018 16:00,50.8,213.79,35.55
11/8/2018 16:00,50.44,205.99,35.34
11/9/2018 16:00,50.27,205.67,34.84
11/12/2018 16:00,49.27,189.54,33.63
11/13/2018 16:00,48.82,199.31,33.68
11/14/2018 16:00,49.82,197.19,33.75
11/15/2018 16:00,50.8,202.39,34.28
11/16/2018 16:00,51.01,164.43,34.42
11/19/2018 16:00,48.54,144.7,34
11/20/2018 16:00,47.3,149.08,33.74
11/21/2018 16:00,50.09,144.71,34.01
11/23/2018 13:00,48.73,145,33.7
11/26/2018 16:00,50.19,153.05,34.58
11/27/2018 16:00,49.99,153.73,34.71
11/28/2018 16:00,51.74,160.07,34.71
11/29/2018 16:00,51.71,157.36,34.38
11/30/2018 16:00,51.18,163.43,35.1
12/3/2018 16:00,50.74,170.04,35.83
12/4/2018 16:00,49.28,157.11,33.51
12/6/2018 16:00,49.04,158.29,32.65
12/7/2018 16:00,47.28,147.61,31.33
12/10/2018 16:00,48.34,151.86,30.71
12/11/2018 16:00,48.56,148.19,30.7
12/12/2018 16:00,49.26,148.9,31.35
12/13/2018 16:00,49.38,148.89,30.61
12/14/2018 16:00,48.04,146.45,30.27
12/17/2018 16:00,47.19,143.58,29.38
12/18/2018 16:00,46.96,146.94,29.19
12/19/2018 16:00,47.04,138.51,28.55
12/20/2018 16:00,46.86,135.1,28.64
12/21/2018 16:00,45.9,129.57,28.25
12/24/2018 13:00,44.94,127.08,27.93
12/26/2018 16:00,47.43,133.1,29.78
12/27/2018 16:00,47.82,131.17,30.17
12/28/2018 16:00,47.52,133.65,30.02
12/31/2018 16:00,47.78,133.5,30.1
1/2/2019 16:00,47.68,136.22,29.92
1/3/2019 16:00,46.89,127.99,29.55
1/4/2019 16:00,48.56,136.19,31.17
1/7/2019 16:00,48.83,143.4,31.29
1/8/2019 16:00,49.63,139.83,31.77
1/9/2019 16:00,50.3,142.58,31.81
1/10/2019 16:00,50.6,145.23,32.42
1/11/2019 16:00,50.66,148.83,32.3
1/14/2019 16:00,49.92,150.44,32.09
1/15/2019 16:00,49.36,149.87,31.91
1/16/2019 16:00,49.32,148.84,31.92
1/17/2019 16:00,49.74,151.72,32.54
1/18/2019 16:00,50.06,156.93,33.5
1/22/2019 16:00,49.64,148.77,33.41
1/23/2019 16:00,49.27,149.29,33.23
1/24/2019 16:00,49.51,157.84,33.64
1/25/2019 16:00,50.08,160.15,34.75
1/28/2019 16:00,49.84,138.01,35.02
1/29/2019 16:00,49.58,131.6,34.9
1/30/2019 16:00,50.14,137.39,35.18
1/31/2019 16:00,50.63,143.75,35.34
2/1/2019 16:00,50.92,144.73,34.49
2/4/2019 16:00,51.53,149.18,34.77
2/5/2019 16:00,51.84,149.95,34.62
2/6/2019 16:00,51.93,153,34.76
2/7/2019 16:00,51.29,147.42,34.3
2/8/2019 16:00,51.73,148.17,34.31
2/11/2019 16:00,52.19,146.45,34.61
2/12/2019 16:00,53.26,151.17,35.42
2/13/2019 16:00,53.41,152.88,35.6
2/14/2019 16:00,53.93,154.53,35.43
2/15/2019 16:00,54.03,157.34,35.76
2/19/2019 16:00,53.32,156.64,35.69
2/20/2019 16:00,53.48,158.55,36.61
2/21/2019 16:00,56.53,155.77,36.18
2/22/2019 16:00,58.29,159.19,36.48
2/25/2019 16:00,59.21,158.69,36.55
2/26/2019 16:00,58.91,157.1,35.9
2/27/2019 16:00,58.48,155.41,35.97
2/28/2019 16:00,58.67,154.26,35.64
3/1/2019 16:00,58.4,156.45,35.94
3/4/2019 16:00,58.08,156.78,35.92
3/5/2019 16:00,58.11,156.52,35.72
3/6/2019 16:00,57.74,152.05,35.5
3/7/2019 16:00,58.27,149.26,34.99
3/8/2019 16:00,58.24,150.64,35.19
3/11/2019 16:00,58.92,161.14,35.89
3/12/2019 16:00,59.16,162.52,36.22
3/13/2019 16:00,59.67,168.62,36.62
3/14/2019 16:00,59.2,165.56,36.91
3/15/2019 16:00,59.03,169.81,37.35
3/18/2019 16:00,59.09,168.95,37.41
3/19/2019 16:00,58.87,175.71,37.4
3/20/2019 16:00,59.15,174.4,37.23
3/21/2019 16:00,59.76,183.94,37.57
3/22/2019 16:00,59.25,177.5,36.69
3/25/2019 16:00,59.53,173.78,36.92
3/26/2019 16:00,60.26,176.87,37.14
3/27/2019 16:00,59.7,176.5,37.12
3/28/2019 16:00,59.87,177.25,37.39
3/29/2019 16:00,60.59,179.56,37.74
4/1/2019 16:00,62.18,182.28,38.64
4/2/2019 16:00,63.16,183,38.71
4/3/2019 16:00,63.73,188.62,38.75
4/4/2019 16:00,62.99,188.26,39.11
4/5/2019 16:00,63.95,190.95,39.51
4/8/2019 16:00,64.64,191.79,39.97
4/9/2019 16:00,64.24,189.26,38.99
4/10/2019 16:00,64.27,192.1,39.32
4/11/2019 16:00,64.89,191.54,39.69
4/12/2019 16:00,65.37,190.01,40.39
4/15/2019 16:00,65.21,184.7,40.24
4/16/2019 16:00,65.18,188.21,40.15
4/17/2019 16:00,64.8,187.29,40.09
4/18/2019 16:00,65.06,186.3,40.01
4/22/2019 16:00,64.99,188.47,39.82
4/23/2019 16:00,65.86,190.67,40.51
4/24/2019 16:00,66.53,191.17,40.48
4/25/2019 16:00,65.76,186.91,40.16
4/26/2019 16:00,66.86,178.09,40.56
4/29/2019 16:00,67.08,179.33,40.53
4/30/2019 16:00,67.32,181,40.6
5/1/2019 16:00,66.01,180.47,40.41
5/2/2019 16:00,66.74,183.19,39.75
5/3/2019 16:00,67.11,183.01,38.78
5/6/2019 16:00,67.02,179.85,38.72
5/7/2019 16:00,66,173.11,37.97
5/8/2019 16:00,66.22,173.92,37.8
5/9/2019 16:00,66.35,170.19,37.51
5/10/2019 16:00,66.87,168.82,37.45
5/13/2019 16:00,65.23,158.45,35.4
5/14/2019 16:00,65.8,162.04,35.72
5/15/2019 16:00,66.31,159.58,35.67
5/16/2019 16:00,67.07,160.19,35.8
5/17/2019 16:00,65.6,156.53,35.09
5/20/2019 16:00,65.36,151.75,34.73
5/21/2019 16:00,65.94,155.06,35.32
5/22/2019 16:00,64.79,152.2,34.84
5/23/2019 16:00,69.94,147.32,34.85
5/24/2019 16:00,70.99,145.15,35.14
5/28/2019 16:00,71.7,143.33,35.1
5/29/2019 16:00,70.49,140.34,35.23
5/30/2019 16:00,71.55,139.11,35.37
5/31/2019 16:00,71.48,135.46,34.76
6/3/2019 16:00,71.3,133.78,35.4
6/4/2019 16:00,72.37,143,37.13
6/5/2019 16:00,73.07,141.28,37.35
6/6/2019 16:00,73.74,143.78,36.89
6/7/2019 16:00,74.65,145.5,37.3
6/10/2019 16:00,74.84,148.43,37.19
6/11/2019 16:00,73.69,150.75,37.24
6/12/2019 16:00,74.79,146.2,37.28
6/13/2019 16:00,74.77,148.26,37.95
6/14/2019 16:00,73.81,144.64,37.78
6/17/2019 16:00,73.22,145.03,37.52
6/18/2019 16:00,73.37,152.88,38.42
6/19/2019 16:00,74.07,153.12,38.74
6/20/2019 16:00,74.75,154.1,39.26
6/21/2019 16:00,73.94,151.76,38.66
6/24/2019 16:00,73.77,152.66,38.2
6/25/2019 16:00,73.38,151.48,38
6/26/2019 16:00,73.39,159.26,37.73
6/27/2019 16:00,73.36,163.23,37.99
6/28/2019 16:00,74.74,164.23,38.19
7/1/2019 16:00,74.97,166.17,39.08
7/2/2019 16:00,74.8,162.23,38.85
7/3/2019 13:00,74.97,162.75,38.89
7/5/2019 16:00,74.6,160.23,38.58
7/8/2019 16:00,74.14,157.21,38.33
7/9/2019 16:00,75.26,157.31,38.17
7/10/2019 16:00,75.78,160.06,37.57
7/11/2019 16:00,76.79,166.28,37.43
7/12/2019 16:00,77.33,167.61,38.18
7/15/2019 16:00,77.5,167.27,37.93
7/16/2019 16:00,77.47,167.08,38.08
7/17/2019 16:00,77.04,169.71,37.91
7/18/2019 16:00,77.81,170.18,37.94
7/19/2019 16:00,77.51,168.44,37.84
7/22/2019 16:00,78.24,171.32,37.37
7/23/2019 16:00,79.23,175.66,37.71
7/24/2019 16:00,79.37,178.66,38.31
7/25/2019 16:00,79.14,173.38,37.64
7/26/2019 16:00,79.43,175.07,37.8
7/29/2019 16:00,78.3,174.82,37.91
7/30/2019 16:00,77.82,175.45,38.02
7/31/2019 16:00,77.53,168.72,37.42
8/1/2019 16:00,76.74,164.92,35.51
8/2/2019 16:00,76.14,161.19,33.51
8/5/2019 16:00,73.4,150.79,32.66
8/6/2019 16:00,74.6,152.35,33.07
8/7/2019 16:00,75.05,153.89,32.87
8/8/2019 16:00,75.64,158.26,33.66
8/9/2019 16:00,75.62,154.18,34.31
8/12/2019 16:00,75.29,151.45,33.26
8/13/2019 16:00,76.29,156.05,33.65
8/14/2019 16:00,74.31,150.07,32.41
8/15/2019 16:00,74.55,148.77,32.46
8/16/2019 16:00,75.5,159.56,33.17
8/19/2019 16:00,76.18,170.78,33.55
8/20/2019 16:00,75.79,167.87,33.27
8/21/2019 16:00,76.87,171.23,33.43
8/22/2019 16:00,76.24,171.48,33.48
8/23/2019 16:00,73.68,162.44,33.41
8/26/2019 16:00,73.78,165.45,33.21
8/27/2019 16:00,74.63,161.8,32.66
8/28/2019 16:00,75.01,161.22,32.97
8/29/2019 16:00,75.74,167,33.53
8/30/2019 16:00,75.39,167.51,33.9
9/3/2019 16:00,74.76,164.17,32.89
9/4/2019 16:00,75.66,168.76,33.62
9/5/2019 16:00,80.61,179.74,34.35
9/6/2019 16:00,81.38,178.65,34.22
9/9/2019 16:00,82.29,180.5,35.47
9/10/2019 16:00,80.96,183.18,38.27
9/11/2019 16:00,80.75,184.33,38.11
9/12/2019 16:00,80.88,184.27,38.03
9/13/2019 16:00,81.81,181.94,38.11
9/16/2019 16:00,82.18,180.21,38.92
9/17/2019 16:00,83.44,181.07,38.22
9/18/2019 16:00,82.57,179.98,38.4
9/19/2019 16:00,82.23,176.94,37.88
9/20/2019 16:00,82.58,172.69,37.59
9/23/2019 16:00,81.8,174.84,38.12
9/24/2019 16:00,81.69,172.53,37.53
9/25/2019 16:00,81.04,178.23,37.75
9/26/2019 16:00,80.91,177.34,37.62
9/27/2019 16:00,79.71,171.76,37.77
9/30/2019 16:00,80.33,174.07,37.8
10/1/2019 16:00,79.53,174,36.55
10/2/2019 16:00,77.43,173.04,36.4
10/3/2019 16:00,79.22,181.31,36.59
10/4/2019 16:00,79.99,181.97,37.1
10/7/2019 16:00,79.76,184.33,37.33
10/8/2019 16:00,80.15,177.23,37.07
10/9/2019 16:00,80.48,180.71,37.28
10/10/2019 16:00,81.06,183.03,37.84
10/11/2019 16:00,81.37,185.99,38.82
10/14/2019 16:00,81.68,186.53,38.83
10/15/2019 16:00,81.74,196.37,39.28
10/16/2019 16:00,81.38,194.21,39.14
10/17/2019 16:00,81.02,194.29,39.3
10/18/2019 16:00,82.32,190.49,40.22
10/21/2019 16:00,83.62,196.01,40.54
10/22/2019 16:00,83.13,195.61,40.86
10/23/2019 16:00,83.04,195.09,41.25
10/24/2019 16:00,84.63,196.86,41.2
10/25/2019 16:00,83.94,204.54,41.44
10/28/2019 16:00,83.98,206.79,42.08
10/29/2019 16:00,84.68,202.92,41.85
10/30/2019 16:00,84,203,41.98
10/31/2019 16:00,82.64,201.02,42.05
11/1/2019 16:00,82.91,202.59,43.08
11/4/2019 16:00,82.14,210.5,43.74
11/5/2019 16:00,82.25,209.61,43.75
11/6/2019 16:00,81.86,207.63,43.33
11/7/2019 16:00,81.62,208.34,43.14
11/8/2019 16:00,81.46,207.78,42.93
11/11/2019 16:00,82.97,208.18,42.84
11/12/2019 16:00,82.3,209.61,42.65
11/13/2019 16:00,83.6,208.57,42.17
11/14/2019 16:00,85.82,209.79,42
11/15/2019 16:00,85.99,204.19,42.42
11/18/2019 16:00,86,212.28,42.06
11/19/2019 16:00,86.38,207.99,42
11/20/2019 16:00,84.92,211.18,42.26
11/21/2019 16:00,87.85,210.18,41.73
11/22/2019 16:00,89.26,210.89,41.87
11/25/2019 16:00,89.94,221.21,42.15
11/26/2019 16:00,90.8,217,41.67
11/27/2019 16:00,90.23,218.24,42.07
11/29/2019 13:00,89,216.74,41.64
12/2/2019 16:00,87.96,209.25,41.36
12/3/2019 16:00,87.28,207.66,40.64
12/4/2019 16:00,87.05,209.42,40.24
12/5/2019 16:00,88.24,208.74,40.42
12/6/2019 16:00,88.58,212.17,40.5
12/9/2019 16:00,88.2,212.17,40.49
12/10/2019 16:00,88.38,213.98,39.91
12/11/2019 16:00,88.29,217.34,40.18
12/12/2019 16:00,88.48,224.07,41.55
12/13/2019 16:00,88.62,223.99,41.06
12/16/2019 16:00,90.19,225.15,40.67
12/17/2019 16:00,90.38,228.29,41.26
12/18/2019 16:00,89.9,229.51,40.71
12/19/2019 16:00,89.4,235.46,40.8
12/20/2019 16:00,90.72,239.37,41.27
12/23/2019 16:00,89.87,238.82,41.27
12/24/2019 13:00,90.91,238.62,41.03
12/26/2019 16:00,91.02,239.19,41.24
12/27/2019 16:00,90.82,236.87,40.82
12/30/2019 16:00,90.86,232.32,40.88
